"","X1","[代啥(month)","代府鹄(hPa)","キ碑鹄(hPa)","代赋贪鹄(hPa)","代赋贪鹄．啥(LST)","代赋抬C鹄(hPa)","代赋抬C鹄．啥(LST)","鸱(J)","程蔼鸱(J)","程蔼鸱女啥(LST)","程C鸱(J)","程C鸱女啥(LST)","SI放(J)","烦t(m/s)","乏V(360degree)","程j}(m/s)","程j}翻乏V(360degree)","程j}翻烦t啥(LST)","挨舳q(mm)","挨舢杉(hour)","挨簸榧(day)","程jQだ牧挨舳q(mm)","程jQだ牧挨舳q_l啥(LST)","程jせQだ牧挨舳q(mm)","程jせQだ牧挨舳q_l啥(LST)","程jら挨舳q(mm)","程jら挨舳q啥(LST)","酃锓毛(%)","A]oq(mm)","ら酚杉(hour)","ぱ扭楫gq(MJ/T)","キАら程蔼档~u计","る程蔼档~u计","る程蔼档~u计啥(LST)","`冻q(0~10)"
"1","year","ObsTime","StnPres","SeaPres","StnPresMax","StnPresMaxTime","StnPresMin","StnPresMinTime","Temperature","T Max","T Max Time","T Min","T Min Time","Td dew point","WS","WD","WSGust","WDGust","WGustTime","Precp","PrecpHour","PrecpDay","PrecpMax10","PrecpMax10Time","PrecpMax60","PrecpMax60Time","Precp1DayMax","Precp1DayMaxTime","RH","EvapA","SunShine","GloblRad","UVI Max Mean","UVI Max","UVI Max Time","Cloud Amount"
"2","2000","1","1017.4","1018.6","1028.4","2000/1/21 09:38","1008.4","2000/1/15 15:01","20.4","27.8","2000/1/10 10:48","13","2000/1/27 03:45","14.7","1.7","340","15.8","110","2000/1/30 16:25","11.5","13.4","6","1.2","2000/1/25 00:35","2","2000/1/22 03:40","4.5","2000/1/23 00:00","70","91.6","105.6","297.25","...","...","...","7.8"
"3","2000","2","1015.4","1016.6","1024.9","2000/2/1 00:24","1002.7","2000/2/19 14:58","19.7","34","2000/2/19 14:23","13.9","2000/2/9 02:58","15.2","1.5","340","13.7","90","2000/2/6 12:47","44.4","39.2","10","2","2000/2/5 23:50","5","2000/2/5 23:00","23","2000/2/5 00:00","76","80.8","54.4","243.21","...","...","...","8.9"
"4","2000","3","1013.5","1014.7","1022.3","2000/3/25 07:35","1005.7","2000/3/15 18:01","22.2","29.1","2000/3/28 12:06","17.4","2000/3/21 04:52","17.3","1.6","340","17.5","90","2000/3/16 12:30","18.8","14.9","6","2","2000/3/23 21:55","4","2000/3/12 08:00","12","2000/3/12 00:00","74","96.9","102.9","369.46","...","...","...","8.1"
"5","2000","4","1010.2","1011.3","1018.1","2000/4/11 08:27","1000.4","2000/4/25 16:34","24.3","35.2","2000/4/26 08:19","17.4","2000/4/17 02:52","19.8","1.5","40","14.7","110","2000/4/15 10:45","25.3","16.8","10","2.5","2000/4/2 23:37","3","2000/4/27 13:10","8.1","2000/4/27 00:00","77","91.2","90.2","348.01","...","...","...","7.9"
"6","2000","5","1008.5","1009.6","1015.1","2000/5/4 22:11","1002","2000/5/26 14:38","25.3","32.8","2000/5/31 15:10","18","2000/5/20 20:33","20.6","1.6","40","14.8","170","2000/5/17 12:48","33.8","35.3","12","3","2000/5/28 20:30","3.5","2000/5/28 20:25","15.5","2000/5/20 00:00","76","118.4","136.3","459.69","...","...","...","7.7"
"7","2000","6","1006.9","1008","1012.2","2000/6/2 09:59","1000","2000/6/12 13:18","27.9","34.6","2000/6/4 14:32","18.6","2000/6/14 03:00","22.6","1.4","190","11.5","260","2000/6/12 11:39","127.5","48.9","7","3.5","2000/6/13 08:05","11.5","2000/6/13 07:50","85","2000/6/13 00:00","74","161.5","244.8","611.79","...","...","...","5.1"
"8","2000","7","1003.5","1004.6","1012","2000/7/11 22:03","981.9","2000/7/9 07:24","27.8","36.9","2000/7/30 14:03","22.9","2000/7/15 03:32","23.4","1.6","50","23.8","290","2000/7/9 09:50","631.8","100.8","14","15.5","2000/7/16 12:26","55.5","2000/7/16 12:08","126","2000/7/9 00:00","78","140.1","200.1","554.17","...","...","...","6"
"9","2000","8","1003.8","1004.9","1009.6","2000/8/17 22:26","960.5","2000/8/22 22:13","28.2","33.6","2000/8/30 12:28","23.3","2000/8/24 01:51","23.3","1.7","310","33","240","2000/8/22 22:48","458","60.4","10","12.5","2000/8/24 15:07","32.5","2000/8/24 03:43","179","2000/8/24 00:00","76","154.3","222.2","575.87","...","...","...","5.8"
"10","2000","9","1007.6","1008.7","1016.2","2000/9/21 21:18","994.1","2000/9/14 15:01","27.1","32.4","2000/9/2 13:06","22.1","2000/9/16 03:43","21.7","1.6","310","16","100","2000/9/10 16:30","69.7","26.6","11","6","2000/9/14 00:02","11.5","2000/9/14 00:00","35","2000/9/15 00:00","73","145","195.6","513.44","...","...","...","6.2"
"11","2000","10","1011.1","1012.2","1016.8","2000/10/27 10:15","989.8","2000/10/31 23:59","26.2","31.3","2000/10/11 12:37","20.6","2000/10/30 06:07","21.3","1.9","40","22.4","140","2000/10/31 21:15","499.8","95.1","20","22.5","2000/10/31 17:43","52","2000/10/31 17:12","301.5","2000/10/31 00:00","75","125.5","190","454.57","...","...","...","6"
"12","2000","11","1014","1015.1","1019.4","2000/11/23 09:19","975.4","2000/11/1 02:26","24.1","33.3","2000/11/1 09:24","18.1","2000/11/21 02:05","18.5","2.1","40","28.3","90","2000/11/1 01:40","96.6","31.5","11","13","2000/11/1 02:16","45.5","2000/11/1 02:08","63","2000/11/1 00:00","71","107.1","124.2","342.9","...","...","...","7.4"
"13","2000","12","1015.9","1017","1022.5","2000/12/26 09:07","1006.9","2000/12/30 14:25","21.7","28.1","2000/12/20 12:47","16.5","2000/12/24 06:17","15.5","2","40","16.7","100","2000/12/23 11:19","88.5","36.1","14","12","2000/12/18 22:13","22","2000/12/18 22:00","22.5","2000/12/18 00:00","68","84.5","100.2","290.46","...","...","...","7.9"
"14","year","ObsTime","StnPres","SeaPres","StnPresMax","StnPresMaxTime","StnPresMin","StnPresMinTime","Temperature","T Max","T Max Time","T Min","T Min Time","Td dew point","WS","WD","WSGust","WDGust","WGustTime","Precp","PrecpHour","PrecpDay","PrecpMax10","PrecpMax10Time","PrecpMax60","PrecpMax60Time","Precp1DayMax","Precp1DayMaxTime","RH","EvapA","SunShine","GloblRad","UVI Max Mean","UVI Max","UVI Max Time","Cloud Amount"
"15","2001","1","1015.8","1017","1027.1","2001/1/16 09:16","1002.4","2001/1/25 15:48","19.8","32","2001/1/25 16:28","13.2","2001/1/16 02:26","14","1.6","330","13.9","70","2001/1/13 19:27","44.5","23.3","5","3.5","2001/1/7 15:53","9.5","2001/1/6 03:36","22.5","2001/1/6 00:00","70","80.3","112.7","286.17","...","...","...","7.3"
"16","2001","2","1015.6","1016.7","1024.9","2001/2/16 08:37","1005.6","2001/2/23 14:29","20.6","28","2001/2/24 10:43","14.4","2001/2/15 02:50","12.9","1.9","320","17","90","2001/2/24 16:35","15.6","10.2","7","2.6","2001/2/4 22:00","6.5","2001/2/4 22:00","7","2001/2/4 00:00","62","88.9","86.8","303.28","...","...","...","8"
"17","2001","3","1013.9","1015","1024.5","2001/3/9 09:32","1000.6","2001/3/25 03:31","21.6","30.3","2001/3/25 11:38","14.8","2001/3/9 03:17","15.2","1.7","320","16.5","80","2001/3/7 16:21","16.8","19","6","1.5","2001/3/25 21:40","2.5","2001/3/25 21:25","6.5","2001/3/26 00:00","67","108.4","114.4","358.17","...","...","...","8"
"18","2001","4","1011","1012.2","1018.7","2001/4/1 08:55","999.4","2001/4/8 16:24","23.8","32.8","2001/4/21 11:19","17.1","2001/4/13 02:44","19.4","1.5","310","16.4","250","2001/4/8 16:45","52.1","22.7","11","7","2001/4/18 10:35","15","2001/4/18 10:30","17","2001/4/18 00:00","77","94.7","68","313.6","...","...","...","8.7"
"19","2001","5","1006.8","1007.9","1014.4","2001/5/4 09:24","998.7","2001/5/22 14:54","26.4","33.3","2001/5/22 11:06","20.6","2001/5/2 21:13","22.4","1.5","40","14","280","2001/5/20 15:11","267.1","115.1","18","7","2001/5/27 22:01","14","2001/5/27 21:38","44.5","2001/5/20 00:00","79","85.7","97.9","383.24","8","13","2001/5/14 12:00","8.3"
"20","2001","6","1006","1007.1","1014.7","2001/6/2 22:20","998.3","2001/6/13 16:12","28.2","34.8","2001/6/13 12:30","23.5","2001/6/19 02:58","23.5","1.6","300","16.6","250","2001/6/23 12:46","460.5","63","14","17.5","2001/6/22 21:02","40.5","2001/6/19 11:58","204","2001/6/19 00:00","76","114.2","205.2","549.36","...","...","...","6.2"
"21","2001","7","1004.6","1005.7","1010.7","2001/7/1 22:07","990.4","2001/7/29 22:56","28.8","33.7","2001/7/20 11:49","24.1","2001/7/6 00:33","23.8","1.8","50","19.6","250","2001/7/30 02:11","240.8","56.2","12","14","2001/7/4 16:27","44","2001/7/4 16:18","84","2001/7/4 00:00","75","140.7","224.6","578.53","...","...","...","6"
"22","2001","8","1005","1006.1","1012.7","2001/8/4 21:59","999","2001/8/27 13:48","29.7","34.5","2001/8/26 14:16","24.9","2001/8/27 20:41","24.1","1.6","300","12.6","120","2001/8/16 11:40","200","9.9","5","15","2001/8/27 19:00","58","2001/8/27 18:31","116","2001/8/27 00:00","73","159.2","273.1","633.36","...","...","...","4.6"
"23","2001","9","1003.5","1004.6","1011.4","2001/9/20 21:28","978.3","2001/9/26 18:18","27.4","33.4","2001/9/30 12:33","22.9","2001/9/19 23:16","23.1","1.8","300","35.2","70","2001/9/26 17:19","582.4","131.9","23","13.5","2001/9/26 10:47","47.5","2001/9/26 10:30","297.5","2001/9/26 00:00","78","91.4","114.7","378.21","...","...","...","8.1"
"24","2001","10","1012.8","1013.9","1019.7","2001/10/19 09:20","997.2","2001/10/16 13:06","25.9","31.9","2001/10/16 10:42","21","2001/10/12 04:20","19.8","1.9","320","14.4","90","2001/10/5 12:19","5.7","4.6","4","2.2","2001/10/31 07:00","3","2001/10/31 07:00","3.5","2001/10/31 00:00","70","124","105.8","405.03","...","...","...","7.1"
"25","2001","11","1016.5","1017.6","1022.8","2001/11/27 08:50","1009.9","2001/11/24 14:43","22.8","31.2","2001/11/3 13:38","16.9","2001/11/19 05:50","16.2","2","320","15.8","100","2001/11/6 01:45","9.1","11.2","8","0.5","2001/11/16 03:41","1.5","2001/11/16 07:50","4","2001/11/16 00:00","67","101.7","77.7","333.64","...","...","...","7"
"26","2001","12","1020.2","1021.3","1028.8","2001/12/26 09:13","1011.9","2001/12/5 14:43","20.8","28.5","2001/12/6 10:01","12.6","2001/12/25 06:36","15.2","1.8","320","17.4","90","2001/12/13 14:30","38.5","27.2","7","1.8","2001/12/8 09:10","3.5","2001/12/8 08:50","24","2001/12/8 00:00","71","95.1","77.4","280.86","...","...","...","7.4"
"27",NA,"ObsTime","StnPres","SeaPres","StnPresMax","StnPresMaxTime","StnPresMin","StnPresMinTime","Temperature","T Max","T Max Time","T Min","T Min Time","Td dew point","WS","WD","WSGust","WDGust","WGustTime","Precp","PrecpHour","PrecpDay","PrecpMax10","PrecpMax10Time","PrecpMax60","PrecpMax60Time","Precp1DayMax","Precp1DayMaxTime","RH","EvapA","SunShine","GloblRad","UVI Max Mean","UVI Max","UVI Max Time","Cloud Amount"
"28",NA,"01","1018.4","1019.6","1026.2","2002-01-09 08:24","1007.7","2002-01-16 15:33","19.6","28.3","2002-01-16 15:22","12.9","2002-01-23 03:43","13.9","1.7","320","12.9","70","2002-01-07 19:18","25.9","23.5","6","1.5","2002-01-15 23:17","2.5","2002-01-27 13:03","9.5","2002-01-27 00:00","70","97.0","103.4","287.74","...","...","...","7.7"
"29",NA,"02","1019.0","1020.2","1028.6","2002-02-19 22:03","1011.9","2002-02-08 15:04","19.9","27.0","2002-02-28 12:18","14.1","2002-02-11 05:47","14.7","1.5","320","13.4","120","2002-02-24 11:48","40.7","25.6","8","5.5","2002-02-14 02:27","10.5","2002-02-14 04:28","21.5","2002-02-14 00:00","73","68.5","84.4","266.95","...","...","...","8.0"
"30",NA,"03","1014.3","1015.5","1025.0","2002-03-08 10:19","1002.1","2002-03-22 15:35","23.0","32.3","2002-03-14 15:48","14.9","2002-03-08 05:35","17.7","1.6","300","15.8","90","2002-03-06 07:17","21.3","29.0","9","2.5","2002-03-03 03:03","6.5","2002-03-03 02:42","9.5","2002-03-03 00:00","73","106.3","135.7","384.27","...","...","...","7.9"
"31",NA,"04","1012.2","1013.3","1017.9","2002-04-12 21:02","1006.2","2002-04-03 14:11","25.6","31.8","2002-04-22 12:42","20.3","2002-04-14 03:27","20.8","1.7","300","13.4","270","2002-04-06 14:31","21.6","15.3","6","5.0","2002-04-23 21:45","6.0","2002-04-23 21:20","9.5","2002-04-16 00:00","76","128.3","159.5","482.11","...","...","...","7.2"
"32",NA,"05","1008.5","1009.6","1013.9","2002-05-03 08:05","999.8","2002-05-30 15:35","26.9","38.0","2002-05-15 13:20","22.1","2002-05-25 05:20","21.9","1.5","300","12.6","360","2002-05-15 10:40","126.7","33.4","15","6.5","2002-05-17 14:54","14.0","2002-05-10 21:26","49.5","2002-05-29 00:00","75","126.6","161.6","499.38","...","...","...","7.3"
"33",NA,"06","1005.6","1006.7","1010.8","2002-06-26 22:03","1001.6","2002-06-08 15:28","28.6","34.7","2002-06-23 13:39","23.9","2002-06-08 01:52","23.5","1.5","30","11.4","260","2002-06-17 11:19","69.8","21.5","7","5.5","2002-06-05 15:42","19.5","2002-06-05 15:08","30.7","2002-06-07 00:00","74","148.5","207.6","562.35","...","...","...","6.0"
"34",NA,"07","1001.4","1002.5","1010.1","2002-07-20 09:50","987.4","2002-07-04 02:58","29.0","36.1","2002-07-05 14:40","24.3","2002-07-09 02:52","23.7","1.7","300","16.6","240","2002-07-15 15:40","169.5","45.8","9","18.5","2002-07-12 17:50","24.5","2002-07-12 17:50","57.5","2002-07-08 00:00","74","149.1","249.4","604.09","...","...","...","5.5"
"35",NA,"08","1005.2","1006.3","1010.5","2002-08-21 08:29","998.6","2002-08-02 15:53","28.5","33.5","2002-08-30 11:08","23.4","2002-08-05 00:29","23.9","1.5","300","18.7","280","2002-08-06 01:40","808.4","88.2","9","16.5","2002-08-06 11:28","55.0","2002-08-05 05:54","306.0","2002-08-05 00:00","77","144.7","243.5","570.43","...","...","...","5.4"
"36",NA,"09","1008.9","1010.0","1015.4","2002-09-25 08:11","993.3","2002-09-07 14:09","27.2","32.9","2002-09-06 13:39","22.3","2002-09-24 05:25","22.3","1.6","300","15.9","50","2002-09-09 17:16","189.4","39.1","13","12.0","2002-09-01 18:37","24.5","2002-09-01 18:35","51.5","2002-09-09 00:00","75","115.2","144.7","431.19","...","...","...","7.6"
"37",NA,"10","1012.0","1013.1","1017.2","2002-10-27 08:50","1006.0","2002-10-19 03:49","26.1","31.8","2002-10-05 13:01","21.1","2002-10-28 00:05","20.4","1.8","40","16.9","30","2002-10-08 13:42","3.9","2.5","4","3.0","2002-10-15 21:49","3.0","2002-10-15 21:49","3.0","2002-10-15 00:00","72","127.4","144.0","397.30","...","...","...","7.0"
"38",NA,"11","1016.1","1017.3","1023.7","2002-11-27 08:17","1006.1","2002-11-14 16:59","22.9","30.5","2002-11-15 11:41","16.4","2002-11-27 06:11","16.3","1.8","320","15.1","30","2002-11-08 14:04","26.8","12.0","7","2.0","2002-11-28 07:55","6.5","2002-11-20 05:13","17.3","2002-11-20 00:00","67","92.9","91.4","265.75","...","...","...","8.0"
"39",NA,"12","1018.2","1019.3","1029.3","2002-12-13 20:47","1009.0","2002-12-20 15:42","21.4","29.1","2002-12-04 12:09","13.5","2002-12-27 02:49","15.5","1.7","320","17.0","40","2002-12-25 16:00","56.6","46.9","9","2.5","2002-12-21 07:35","6.5","2002-12-21 07:30","14.0","2002-12-20 00:00","70","85.6","104.2","255.51","...","...","...","7.9"
"40","year","ObsTime","StnPres","SeaPres","StnPresMax","StnPresMaxTime","StnPresMin","StnPresMinTime","Temperature","T Max","T Max Time","T Min","T Min Time","Td dew point","WS","WD","WSGust","WDGust","WGustTime","Precp","PrecpHour","PrecpDay","PrecpMax10","PrecpMax10Time","PrecpMax60","PrecpMax60Time","Precp1DayMax","Precp1DayMaxTime","RH","EvapA","SunShine","GloblRad","UVI Max Mean","UVI Max","UVI Max Time","Cloud Amount"
"41","2003","1","1019.8","1020.9","1028.9","2003/1/5 08:46","1005.7","2003/1/22 17:44","18.4","26.3","2003/1/26 13:23","12.9","2003/1/6 00:12","12.7","1.7","320","16.2","70","2003/1/27 12:21","50.4","32","11","6","2003/1/18 07:33","9.5","2003/1/18 06:58","14.5","2003/1/7 00:00","70","63.2","69.2","219.85","...","...","...","8.4"
"42","2003","2","1017.6","1018.7","1026.8","2003/2/6 09:12","1009.1","2003/2/23 16:10","20.8","28.7","2003/2/16 12:16","13.8","2003/2/6 06:47","15","1.7","320","15.7","30","2003/2/19 19:51","7.3","6.1","4","2","2003/2/8 12:15","3.5","2003/2/8 11:25","5.5","2003/2/8 00:00","70","88.1","95.3","126.08","...","...","...","8"
"43","2003","3","1016.4","1017.5","1025.6","2003/3/12 09:24","1003.9","2003/3/3 15:21","21","29.8","2003/3/31 11:51","14.4","2003/3/11 05:56","15.9","1.5","40","14.2","30","2003/3/3 20:28","52.1","26.6","8","5","2003/3/2 07:00","10.5","2003/3/2 06:34","20","2003/3/12 00:00","73","70.7","67.2","276.97","...","...","...","8.3"
"44","2003","4","1011.9","1013","1019.3","2003/4/9 21:32","1001.9","2003/4/2 16:01","24.9","31.4","2003/4/21 13:22","18","2003/4/6 00:21","20.3","1.6","40","16.3","30","2003/4/30 14:17","41","34.5","11","2.5","2003/4/4 13:48","4","2003/4/4 13:26","12.5","2003/4/23 00:00","76","107.2","139.3","506.13","...","...","...","7.4"
"45","2003","5","1008.2","1009.3","1016.5","2003/5/9 21:38","998.2","2003/5/28 15:10","26.5","33","2003/5/8 12:41","21.6","2003/5/2 05:13","21.6","1.7","40","14.9","70","2003/5/28 13:15","30.5","21.1","12","2","2003/5/4 18:07","4.5","2003/5/30 07:08","7","2003/5/18 00:00","75","122.8","125.9","535.74","...","...","...","7.9"
"46","2003","6","1005.7","1006.8","1012.8","2003/6/21 22:09","996.5","2003/6/18 04:20","27.4","34.9","2003/6/24 14:19","22.5","2003/6/1 04:01","23.2","1.6","300","15.5","200","2003/6/27 11:53","93.7","49.9","13","3.5","2003/6/7 07:28","11","2003/6/7 06:58","51.5","2003/6/7 00:00","78","110.7","183.9","611.45","10","13","2003/6/17 13:00","6.7"
"47","2003","7","1008.6","1009.7","1013.9","2003/7/2 22:17","1003.4","2003/7/31 04:13","29.8","35.4","2003/7/19 12:09","24.7","2003/7/24 01:14","24.7","1.5","190","11.3","20","2003/7/22 16:59","116.1","18.8","7","9","2003/7/22 23:26","14","2003/7/23 01:54","74","2003/7/23 00:00","75","184.7","331.4","864.13","11","12","2003/7/10 13:00","3.5"
"48","2003","8","1006.1","1007.2","1012.9","2003/8/25 22:45","999.2","2003/8/8 04:16","28.7","34.7","2003/8/9 14:36","23.7","2003/8/21 01:31","24.4","1.5","300","24.9","100","2003/8/3 22:47","513.2","67.7","12","18","2003/8/21 01:03","71.5","2003/8/3 22:37","208.5","2003/8/3 00:00","78","139.9","226.7","681.02","X","X","2003/8/1 10:00","5.8"
"49","2003","9","1008.4","1009.5","1013.1","2003/9/14 08:46","992","2003/9/1 20:29","27.9","35.8","2003/9/11 13:36","22.3","2003/9/22 19:54","23.1","1.7","60","26.1","70","2003/9/1 21:07","418.5","58.5","12","15.5","2003/9/3 05:24","54","2003/9/3 04:44","146","2003/9/2 00:00","76","131.3","202.8","600.28","9","12","2003/9/15 12:00","6.1"
"50","2003","10","1013.5","1014.6","1020.1","2003/10/28 21:11","1006.3","2003/10/7 14:24","24.7","32.3","2003/10/3 11:53","18.7","2003/10/26 05:54","18.5","2.1","330","17.2","40","2003/10/19 12:23","125","21.7","9","13","2003/10/13 20:23","48","2003/10/13 20:21","68.5","2003/10/13 00:00","69","118.7","166","490.27","...","...","...","6.6"
"51","2003","11","1014.9","1016","1023.7","2003/11/23 08:47","1003.8","2003/11/3 04:12","23.7","30.8","2003/11/3 11:37","16.8","2003/11/30 06:34","19.1","1.8","330","16.5","40","2003/11/11 10:58","219.5","55.6","10","10","2003/11/3 00:24","26","2003/11/2 20:38","148","2003/11/2 00:00","76","86.1","114.7","358.78","5","7","2003/11/6 12:00","7.2"
"52","2003","12","1020","1021.2","1028.9","2003/12/20 08:54","1014.3","2003/12/25 15:15","19.8","27.2","2003/12/6 13:02","13.3","2003/12/20 04:00","12.9","2.1","330","15.3","30","2003/12/19 04:11","6.8","5.4","5","1","2003/12/23 16:55","2.5","2003/12/23 16:55","4","2003/12/23 00:00","65","86.6","99.3","333.42","...","...","...","7.8"
"53","year","ObsTime","StnPres","SeaPres","StnPresMax","StnPresMaxTime","StnPresMin","StnPresMinTime","Temperature","T Max","T Max Time","T Min","T Min Time","Td dew point","WS","WD","WSGust","WDGust","WGustTime","Precp","PrecpHour","PrecpDay","PrecpMax10","PrecpMax10Time","PrecpMax60","PrecpMax60Time","Precp1DayMax","Precp1DayMaxTime","RH","EvapA","SunShine","GloblRad","UVI Max Mean","UVI Max","UVI Max Time","Cloud Amount"
"54","2004","1","1018.4","1019.6","1025.2","2004/1/25 09:02","1009.9","2004/1/29 14:54","18.8","26.4","2004/1/6 11:33","10.3","2004/1/25 02:49","13.6","1.9","330","14.4","40","2004/1/13 13:41","14","10.1","3","1.5","2004/1/19 12:21","3.5","2004/1/19 11:31","11","2004/1/19 00:00","72","85.1","92.1","310.79","...","...","...","8.2"
"55","2004","2","1017.2","1018.4","1026.7","2004/2/7 10:01","1006.6","2004/2/29 16:43","19.8","28.4","2004/2/29 13:41","13.4","2004/2/8 01:25","14.3","1.8","330","14.4","50","2004/2/22 20:57","12.5","18.2","4","1","2004/2/8 19:29","2.2","2004/2/5 03:08","8","2004/2/5 00:00","71","90.5","111.6","362.31","...","...","...","7.7"
"56","2004","3","1014.7","1015.8","1030.2","2004/3/7 22:12","1006.1","2004/3/1 03:32","21.2","28.6","2004/3/17 12:41","14.2","2004/3/4 08:18","16.5","1.8","320","13.7","60","2004/3/18 17:42","28.8","22.5","9","1.5","2004/3/12 00:44","4","2004/3/17 20:53","8","2004/3/17 00:00","75","86.2","72.1","326.35","...","...","...","9"
"57","2004","4","1012","1013.1","1019.6","2004/4/2 21:39","1003.1","2004/4/22 15:47","23.9","33.9","2004/4/27 08:59","17.4","2004/4/5 05:16","19","1.8","320","20.2","60","2004/4/27 11:36","4.6","8.1","5","1","2004/4/2 03:50","1.5","2004/4/2 03:50","2","2004/4/8 00:00","75","110.3","137.5","473.53","...","...","...","7.3"
"58","2004","5","1008.6","1009.7","1015.8","2004/5/6 21:56","999.3","2004/5/20 15:53","27.5","40.2","2004/5/9 13:14","19.2","2004/5/22 02:19","22.8","1.9","40","13.9","50","2004/5/4 16:10","148.5","27.4","12","6.5","2004/5/29 23:50","21.5","2004/5/21 16:35","40.5","2004/5/21 00:00","76","152.2","216.1","704.72","...","...","...","6.5"
"59","2004","6","1006.3","1007.4","1014.1","2004/6/11 22:09","995.4","2004/6/30 16:41","27.6","34.1","2004/6/22 14:05","22.6","2004/6/6 01:02","22.9","2","40","17.4","70","2004/6/29 12:37","128.9","39.9","12","4.5","2004/6/6 16:33","11","2004/6/6 16:07","43","2004/6/30 00:00","76","143.9","220.6","687.29","9","11","2004/6/12 12:00","6.5"
"60","2004","7","1007.2","1008.3","1014.8","2004/7/21 10:54","985.7","2004/7/1 15:07","27.8","33.7","2004/7/6 12:16","23.2","2004/7/5 03:08","23.8","1.8","310","23.3","190","2004/7/1 22:43","537.5","119.6","13","21","2004/7/1 05:53","35.5","2004/7/1 10:05","204.5","2004/7/1 00:00","80","135.7","208.8","637.01","10","13","2004/7/19 12:00","6.1"
"61","2004","8","1002.1","1003.2","1009.6","2004/8/21 22:21","983.6","2004/8/25 03:22","29.4","39.3","2004/8/12 12:51","23.5","2004/8/26 06:16","23.7","1.8","310","18.9","270","2004/8/24 22:52","102.7","19.4","10","9.5","2004/8/26 05:51","20.5","2004/8/27 05:30","51.5","2004/8/26 00:00","72","176.2","245.4","718.52","...","...","...","6.2"
"62","2004","9","1009.1","1010.2","1016.4","2004/9/17 08:13","998.5","2004/9/6 05:25","27.5","32.7","2004/9/28 08:29","23.1","2004/9/15 23:02","22.9","1.5","320","16.3","40","2004/9/24 11:00","195.7","48.6","15","11","2004/9/4 20:23","24","2004/9/11 07:17","73","2004/9/15 00:00","77","125.4","174","559.92","...","...","...","7.4"
"63","2004","10","1013.2","1014.3","1021.3","2004/10/27 09:17","999.2","2004/10/25 02:41","24.9","32.8","2004/10/25 11:27","19.6","2004/10/28 04:46","17.1","2.8","50","22.8","200","2004/10/25 12:41","2","3.3","3","0.5","2004/10/25 04:45","0.8","2004/10/25 04:40","1","2004/10/25 00:00","63","151.2","186.1","494.17","...","...","...","6.2"
"64","2004","11","1017.5","1018.6","1022.3","2004/11/26 22:20","1012.4","2004/11/1 14:19","23.7","29.8","2004/11/12 13:08","16.5","2004/11/20 05:05","16.9","2.4","330","17.5","20","2004/11/26 18:44","0.5","0.9","1","0.5","2004/11/7 05:50","0.5","2004/11/7 05:50","0.5","2004/11/7 00:00","66","111.5","137.2","386.28","4","6","2004/11/12 12:00","6.7"
"65","2004","12","1016.9","1018.1","1025.2","2004/12/31 21:20","995.6","2004/12/4 11:05","21.4","27.4","2004/12/2 11:28","11.1","2004/12/31 23:56","14.8","2.5","50","18.5","40","2004/12/2 12:40","269.9","37.2","5","21.5","2004/12/3 23:46","75.5","2004/12/3 23:00","208.5","2004/12/3 00:00","67","102","145.7","364.35","...","...","...","6.5"
"66","year","ObsTime","StnPres","SeaPres","StnPresMax","StnPresMaxTime","StnPresMin","StnPresMinTime","Temperature","T Max","T Max Time","T Min","T Min Time","Td dew point","WS","WD","WSGust","WDGust","WGustTime","Precp","PrecpHour","PrecpDay","PrecpMax10","PrecpMax10Time","PrecpMax60","PrecpMax60Time","Precp1DayMax","Precp1DayMaxTime","RH","EvapA","SunShine","GloblRad","UVI Max Mean","UVI Max","UVI Max Time","Cloud Amount"
"67","2005","1","1017.4","1018.5","1026.7","2005/1/21 08:49","1006.6","2005/1/28 15:15","19.2","26.5","2005/1/25 12:49","10.9","2005/1/2 02:03","13.5","1.9","330","13.6","50","2005/1/6 14:54","5","12.5","6","0.8","2005/1/13 18:27","1","2005/1/13 18:25","2","2005/1/13 00:00","70","73.2","92.7","318.05","4","6","2005/1/29 13:00","7.6"
"68","2005","2","1016.9","1018","1025.1","2005/2/11 09:39","1004.1","2005/2/24 14:29","20.4","32.3","2005/2/24 12:07","11.8","2005/2/20 21:38","15.8","1.8","50","15.7","60","2005/2/26 13:19","41.4","26","7","2.5","2005/2/25 09:28","7","2005/2/26 07:04","16","2005/2/26 00:00","75","59.2","85.6","284.7","...","...","...","7.8"
"69","2005","3","1017.9","1019.1","1029.1","2005/3/6 08:16","1005.9","2005/3/23 03:34","19.6","30.5","2005/3/28 11:30","10.1","2005/3/5 04:23","14","1.8","330","16.8","30","2005/3/23 09:51","62.7","37.2","9","7","2005/3/29 21:00","23.5","2005/3/29 20:49","25.5","2005/3/29 00:00","71","86.1","83.6","347.82","...","...","...","8.7"
"70","2005","4","1013.3","1014.4","1023.4","2005/4/4 09:33","1003.4","2005/4/30 15:56","24.6","31.8","2005/4/30 13:43","17.5","2005/4/5 05:37","19.4","1.8","320","16.1","40","2005/4/23 21:30","24.3","8.3","6","9","2005/4/19 23:38","10.5","2005/4/26 09:11","11","2005/4/26 00:00","73","121.3","155.5","524.76","...","...","...","7.4"
"71","2005","5","1007.1","1008.2","1012","2005/5/19 21:58","998.8","2005/5/5 16:15","27.4","34.8","2005/5/5 15:07","23.3","2005/5/11 05:10","23.1","1.7","50","15.3","200","2005/5/6 09:05","64.5","44.7","14","3.5","2005/5/16 23:18","6.5","2005/5/16 22:55","15.5","2005/5/29 00:00","78","122.4","157.5","560.46","...","...","...","7.2"
"72","2005","6","1004.9","1006","1014","2005/6/30 22:05","997.1","2005/6/11 15:27","27.8","37.8","2005/6/20 15:24","23.5","2005/6/8 05:18","23.3","1.7","220","17.4","210","2005/6/23 13:22","360","123","13","12","2005/6/28 03:11","38","2005/6/28 02:59","117","2005/6/28 00:00","78","119","161.9","518.12","...","...","...","7.4"
"73","2005","7","1006","1007.1","1013.8","2005/7/14 21:50","965.3","2005/7/18 07:12","28.8","37.4","2005/7/18 06:26","23.7","2005/7/20 12:45","23.3","2","200","27.8","190","2005/7/18 16:49","227","56.4","8","6","2005/7/19 14:31","15","2005/7/20 00:01","106","2005/7/19 00:00","73","135.3","270.4","703.79","...","...","...","4.5"
"74","2005","8","1004.5","1005.6","1011.3","2005/8/18 22:34","966.8","2005/8/31 23:48","28.7","36.5","2005/8/5 00:26","24.5","2005/8/14 06:00","24.2","1.9","310","19.6","220","2005/8/13 04:51","273.5","58.5","16","15","2005/8/12 09:28","31","2005/8/13 04:09","142","2005/8/12 00:00","77","123","177.6","567.93","...","...","...","6.9"
"75","2005","9","1008.9","1010","1018.3","2005/9/18 08:54","966.2","2005/9/1 00:47","28.1","36.4","2005/9/1 00:13","23.4","2005/9/22 18:15","22.9","2","330","24.9","210","2005/9/1 06:35","304.5","49.1","9","18","2005/9/22 17:19","47.5","2005/9/22 17:19","218","2005/9/22 00:00","74","126.2","180","560.14","...","...","...","6.6"
"76","2005","10","1013","1014.1","1020.1","2005/10/31 09:29","983.3","2005/10/2 05:41","26.3","33.1","2005/10/1 11:57","19.5","2005/10/31 04:07","20.4","2.2","50","21.1","200","2005/10/2 06:25","100.4","37.2","10","11.5","2005/10/3 23:04","22","2005/10/3 22:52","31","2005/10/8 00:00","70","121.5","178.2","512.49","...","...","...","6.6"
"77","2005","11","1015.2","1016.3","1021.6","2005/11/22 09:04","1008.6","2005/11/11 13:19","24.2","30.7","2005/11/8 11:50","16.9","2005/11/21 20:26","18.5","1.8","340","15.4","30","2005/11/15 15:22","81.8","35.8","6","5.5","2005/11/12 03:42","14","2005/11/12 03:30","37.5","2005/11/12 00:00","71","105.6","147.5","407.52","...","...","...","6.8"
"78","2005","12","1019.4","1020.6","1026.1","2005/12/16 08:56","1011.2","2005/12/4 03:09","19.3","28.1","2005/12/2 12:26","13","2005/12/24 05:17","13.5","1.8","330","16.5","60","2005/12/4 07:42","32","46.4","5","1.5","2005/12/30 00:17","3.5","2005/12/30 00:15","14.5","2005/12/30 00:00","70","70.1","68.1","233.51","...","...","...","8.6"
"79","year","ObsTime","StnPres","SeaPres","StnPresMax","StnPresMaxTime","StnPresMin","StnPresMinTime","Temperature","T Max","T Max Time","T Min","T Min Time","Td dew point","WS","WD","WSGust","WDGust","WGustTime","Precp","PrecpHour","PrecpDay","PrecpMax10","PrecpMax10Time","PrecpMax60","PrecpMax60Time","Precp1DayMax","Precp1DayMaxTime","RH","EvapA","SunShine","GloblRad","UVI Max Mean","UVI Max","UVI Max Time","Cloud Amount"
"80","2006","1","1016.5","1017.7","1024.2","2006/1/7 09:18","1008","2006/1/20 14:06","20.5","27.3","2006/1/19 10:56","12.8","2006/1/7 07:00","15.7","1.8","330","16.1","70","2006/1/23 14:05","35.7","52","8","1.5","2006/1/29 18:41","3.5","2006/1/29 17:51","12","2006/1/29 00:00","75","86.1","82.3","312.83","...","...","...","8.2"
"81","2006","2","1018.9","1020","1030.2","2006/2/8 22:36","1009.3","2006/2/26 03:25","21.1","29.4","2006/2/16 12:08","14.6","2006/2/9 06:04","15.5","2.1","50","17.1","70","2006/2/4 14:27","14.7","13.9","9","2","2006/2/26 09:25","3","2006/2/26 08:36","5","2006/2/22 00:00","70","81.8","87","342.08","...","...","...","8.4"
"82","2006","3","1014.3","1015.5","1023.1","2006/3/14 08:44","1005","2006/3/27 16:06","21.6","29.6","2006/3/18 12:12","13.7","2006/3/2 06:32","16.3","1.9","330","20","40","2006/3/12 18:47","37","34.6","13","6.5","2006/3/7 04:32","11.5","2006/3/7 04:25","12","2006/3/7 00:00","72","84.7","77.9","338.25","...","...","...","8.4"
"83","2006","4","1010.8","1011.9","1016.9","2006/4/7 21:17","1000.2","2006/4/22 15:37","25","37.2","2006/4/22 15:49","17.5","2006/4/16 20:39","20.2","2","330","18.7","220","2006/4/10 13:31","87.9","40.7","9","4.5","2006/4/24 11:38","15","2006/4/27 17:12","23.6","2006/4/24 00:00","75","99.9","118.1","430.25","...","...","...","7.5"
"84","2006","5","1009.7","1010.8","1015.9","2006/5/4 08:57","999.7","2006/5/18 15:08","27","33.5","2006/5/26 13:45","21.4","2006/5/29 05:46","22.5","1.8","320","19.5","30","2006/5/14 14:15","224.8","57.8","15","12.5","2006/5/17 07:38","36","2006/5/17 07:00","78","2006/5/16 00:00","77","121.8","152.8","557.43","...","...","...","7.5"
"85","2006","6","1007","1008.1","1012.7","2006/6/30 07:19","996.8","2006/6/9 03:46","28.1","38","2006/6/5 13:47","20.3","2006/6/11 11:24","22.3","1.5","310","13.7","200","2006/6/1 13:20","150.7","60.7","10","6","2006/6/11 07:49","11","2006/6/11 10:26","59.5","2006/6/11 00:00","71","129.2","179.9","552.17","...","...","...","6.9"
"86","2006","7","1003.8","1004.9","1012.5","2006/7/30 08:42","976.7","2006/7/24 23:06","29.1","35.4","2006/7/12 11:11","23.9","2006/7/26 18:16","24.4","1.9","310","26.5","200","2006/7/24 23:08","583.3","84.9","14","14","2006/7/24 23:25","53","2006/7/24 23:00","200.2","2006/7/26 00:00","77","136.1","227.3","633.77","...","...","...","5.4"
"87","2006","8","1005.2","1006.3","1012.1","2006/8/28 21:30","991.3","2006/8/9 02:53","28.9","33.9","2006/8/18 12:33","23.7","2006/8/9 09:29","23.6","1.5","310","12.4","260","2006/8/3 18:48","279.3","27.9","9","24.5","2006/8/2 00:46","75","2006/8/9 08:34","171.5","2006/8/9 00:00","74","144.3","228.3","665.27","...","...","...","6.1"
"88","2006","9","1008.3","1009.4","1013.4","2006/9/24 10:03","996.6","2006/9/16 03:44","27.4","33.9","2006/9/16 13:32","22.6","2006/9/18 04:18","22.5","1.7","330","12.9","30","2006/9/14 23:44","294.6","64.6","14","12.5","2006/9/8 18:30","36","2006/9/8 18:26","124","2006/9/11 00:00","75","110.4","145.4","486.27","...","...","...","7.6"
"89","2006","10","1013","1014.1","1018.9","2006/10/24 21:09","1003.9","2006/10/4 15:01","26.5","31.7","2006/10/1 13:32","22.6","2006/10/25 03:52","20","2.2","50","16.3","50","2006/10/29 13:38","25.7","12.9","6","3","2006/10/24 05:08","5.5","2006/10/31 13:31","11.5","2006/10/24 00:00","68","138","189.4","514.27","...","...","...","6.3"
"90","2006","11","1014.7","1015.8","1020.8","2006/11/15 09:29","1007.6","2006/11/26 15:03","24.5","29.8","2006/11/23 10:56","19.7","2006/11/13 04:00","18.8","1.8","50","16.7","60","2006/11/11 17:27","23.7","10.2","7","5.5","2006/11/22 04:56","9.5","2006/11/22 04:44","18.5","2006/11/22 00:00","71","101.6","134","362.95","...","...","...","7.2"
"91","2006","12","1018.7","1019.9","1027.5","2006/12/18 09:05","1010.6","2006/12/1 14:09","21.4","29.8","2006/12/7 10:59","14.3","2006/12/18 00:01","15.3","2.1","50","17.7","40","2006/12/2 10:31","14.9","19.2","7","2.8","2006/12/11 21:07","3","2006/12/11 21:07","3.7","2006/12/12 00:00","69","82.2","90.5","293.02","...","...","...","7.9"
"92",NA,"ObsTime","StnPres","SeaPres","StnPresMax","StnPresMaxTime","StnPresMin","StnPresMinTime","Temperature","T Max","T Max Time","T Min","T Min Time","Td dew point","WS","WD","WSGust","WDGust","WGustTime","Precp","PrecpHour","PrecpDay","PrecpMax10","PrecpMax10Time","PrecpMax60","PrecpMax60Time","Precp1DayMax","Precp1DayMaxTime","RH","EvapA","SunShine","GloblRad","UVI Max Mean","UVI Max","UVI Max Time","Cloud Amount"
"93",NA,"01","1019.7","1020.9","1025.8","2007-01-07 09:16","1012.8","2007-01-03 13:56","20.3","27.0","2007-01-03 11:44","12.2","2007-01-29 06:56","14.3","2.0","330","15.4","50","2007-01-04 14:12","21.2","25.1","11","3.0","2007-01-15 23:45","3.0","2007-01-15 23:45","5.4","2007-01-27 00:00","69","89.4","90.7","320.05","...","...","...","8.3"
"94",NA,"02","1016.3","1017.4","1025.8","2007-02-02 08:47","1007.4","2007-02-25 05:37","21.8","29.0","2007-02-17 13:45","13.9","2007-02-03 05:10","15.6","1.9","330","19.2","50","2007-02-14 15:55","16.0","13.1","7","3.5","2007-02-22 22:54","8.0","2007-02-22 22:50","10.2","2007-02-22 00:00","68","95.6","122.4","368.13","...","...","...","7.4"
"95",NA,"03","1014.1","1015.2","1021.2","2007-03-12 07:47","1003.1","2007-03-15 15:33","22.7","37.4","2007-03-27 12:49","14.7","2007-03-07 00:16","17.4","1.8","320","17.9","50","2007-03-05 08:27","19.1","26.5","10","4.0","2007-03-13 18:23","5.6","2007-03-13 17:50","6.5","2007-03-13 00:00","72","101.8","109.2","399.66","...","...","...","8.0"
"96",NA,"04","1013.1","1014.3","1022.5","2007-04-04 09:16","999.1","2007-04-18 03:29","23.7","34.3","2007-04-24 16:36","15.3","2007-04-04 03:53","18.2","1.8","330","17.4","190","2007-04-22 14:20","39.4","31.3","11","3.7","2007-04-02 20:39","6.2","2007-04-02 20:39","14.9","2007-04-29 00:00","72","107.5","88.4","411.34","...","...","...","8.6"
"97",NA,"05","1009.1","1010.2","1015.2","2007-05-11 09:40","1001.4","2007-05-05 16:31","26.9","35.2","2007-05-16 13:14","21.1","2007-05-19 21:34","21.3","1.6","70","15.9","210","2007-05-05 13:32","113.2","54.3","12","3.5","2007-05-20 18:51","11.5","2007-05-19 16:27","54.5","2007-05-20 00:00","72","142.8","174.7","566.51","...","...","...","7.0"
"98",NA,"06","1006.2","1007.3","1011.7","2007-06-29 06:03","1000.8","2007-06-11 16:02","28.8","35.7","2007-06-24 13:03","24.7","2007-06-19 03:33","24.1","1.5","200","14.6","180","2007-06-14 12:46","123.2","49.9","18","8.0","2007-06-18 19:52","17.6","2007-06-18 19:26","26.6","2007-06-18 00:00","76","139.5","212.3","645.81","...","...","...","6.5"
"99",NA,"07","1006.1","1007.2","1011.2","2007-07-24 21:50","992.5","2007-07-13 04:15","30.5","36.3","2007-07-17 13:38","26.1","2007-07-30 05:01","24.5","1.6","190","13.4","220","2007-07-10 13:12","4.0","0.8","1","2.5","2007-07-29 14:14","4.0","2007-07-29 14:12","4.0","2007-07-29 00:00","71","205.7","328.2","832.65","...","...","...","3.5"
"100",NA,"08","1004.1","1005.2","1013.0","2007-08-26 22:06","969.6","2007-08-18 04:58","27.7","34.4","2007-08-02 12:25","23.8","2007-08-18 02:54","23.9","2.1","310","27.7","190","2007-08-18 05:45","618.9","171.5","20","17.5","2007-08-25 20:24","59.5","2007-08-25 19:47","90.5","2007-08-26 00:00","80","110.1","140.4","473.08","...","...","...","7.2"
"101",NA,"09","1005.8","1006.9","1012.8","2007-09-25 08:50","982.9","2007-09-18 13:22","27.5","35.4","2007-09-18 12:20","23.1","2007-09-20 06:23","23.0","1.8","50","14.7","210","2007-09-19 01:41","362.4","84.9","14","9.0","2007-09-24 03:51","28.5","2007-09-25 03:35","113.0","2007-09-23 00:00","77","116.1","124.5","471.16","...","...","...","8.0"
"102",NA,"10","1011.2","1012.3","1018.3","2007-10-16 08:46","970.3","2007-10-06 15:00","25.8","36.6","2007-10-06 12:03","20.7","2007-10-21 06:31","19.7","2.4","50","24.9","240","2007-10-06 19:14","95.3","30.8","13","5.0","2007-10-24 19:52","17.5","2007-10-24 19:52","33.5","2007-10-24 00:00","70","125.4","129.3","420.10","...","...","...","7.3"
"103",NA,"11","1014.5","1015.6","1023.1","2007-11-30 08:34","1000.4","2007-11-27 03:24","23.0","29.7","2007-11-01 09:57","15.1","2007-11-30 05:35","17.0","2.3","50","19.3","30","2007-11-27 15:42","300.0","59.7","7","6.5","2007-11-26 15:14","15.5","2007-11-26 14:24","164.0","2007-11-26 00:00","69","93.8","94.6","321.22","...","...","...","8.3"
"104",NA,"12","1016.5","1017.6","1025.2","2007-12-04 22:11","1009.4","2007-12-28 14:17","21.4","27.5","2007-12-22 11:41","13.7","2007-12-31 23:53","16.2","1.6","340","13.7","40","2007-12-07 12:01","19.6","14.7","6","1.5","2007-12-19 20:03","3.5","2007-12-21 05:20","9.0","2007-12-10 00:00","72","81.7","110.0","311.90","...","...","...","7.2"
"105","year","ObsTime","StnPres","SeaPres","StnPresMax","StnPresMaxTime","StnPresMin","StnPresMinTime","Temperature","T Max","T Max Time","T Min","T Min Time","Td dew point","WS","WD","WSGust","WDGust","WGustTime","Precp","PrecpHour","PrecpDay","PrecpMax10","PrecpMax10Time","PrecpMax60","PrecpMax60Time","Precp1DayMax","Precp1DayMaxTime","RH","EvapA","SunShine","GloblRad","UVI Max Mean","UVI Max","UVI Max Time","Cloud Amount"
"106","2008","1","1017.9","1019.1","1025.1","2008/1/16 22:25","1010.9","2008/1/28 15:22","20.2","28","2008/1/12 11:29","12.9","2008/1/2 00:36","15.3","1.7","340","13.8","40","2008/1/31 01:54","32.8","57.2","14","2","2008/1/8 08:17","2.5","2008/1/11 21:28","6.1","2008/1/13 00:00","74","69.8","49.4","287.89","...","...","...","9"
"107","2008","2","1018.2","1019.4","1025.4","2008/2/18 08:39","1008.9","2008/2/2 14:26","18.4","26.8","2008/2/22 13:45","13","2008/2/14 04:19","13.5","1.8","340","16.9","40","2008/2/9 11:20","47.1","46.4","11","2.7","2008/2/18 18:07","5.3","2008/2/18 17:55","14.8","2008/2/18 00:00","74","68","47.3","270.26","...","...","...","8.9"
"108","2008","3","1015","1016.1","1024.3","2008/3/5 09:48","1004.8","2008/3/30 04:00","21.3","29.9","2008/3/18 13:20","15.6","2008/3/5 04:37","15.8","1.8","320","16.7","50","2008/3/23 11:58","22.3","30.5","12","4","2008/3/25 19:44","6.5","2008/3/25 19:30","9.5","2008/3/25 00:00","71","98.7","102.8","400.21","...","...","...","8.1"
"109","2008","4","1011.7","1012.8","1018.7","2008/4/1 08:29","1001.5","2008/4/9 18:46","24.3","38.2","2008/4/9 14:42","16.9","2008/4/1 02:39","19.7","1.5","40","13.3","140","2008/4/16 15:10","109.8","43.2","12","11","2008/4/19 17:54","35","2008/4/19 17:54","68.8","2008/4/19 00:00","76","94.4","96.4","424.05","...","...","...","8.5"
"110","2008","5","1007.3","1008.4","1014.3","2008/5/13 21:25","999.8","2008/5/28 14:32","26","33.6","2008/5/30 14:01","18.4","2008/5/12 05:11","21","1.8","50","17.6","40","2008/5/5 14:04","55","33.1","10","3.5","2008/5/31 11:05","7","2008/5/31 10:31","32.3","2008/5/31 00:00","75","130","163.4","559.34","...","...","...","7"
"111","2008","6","1006.9","1008","1012.6","2008/6/30 21:59","1000.5","2008/6/23 13:43","27.6","34.6","2008/6/11 12:26","21.4","2008/6/5 13:27","23.9","1.7","200","16.7","220","2008/6/25 12:33","327.2","107.6","12","17.5","2008/6/5 20:29","60","2008/6/5 19:47","181.5","2008/6/5 00:00","81","122.2","213.7","608.68","...","...","...","6.5"
"112","2008","7","1004.6","1005.7","1012.6","2008/7/1 22:26","970.1","2008/7/28 06:42","28.7","36.3","2008/7/27 13:32","24.5","2008/7/30 04:49","24.4","1.9","310","25.4","210","2008/7/28 14:10","159.1","66.5","13","10.5","2008/7/29 02:34","28.5","2008/7/29 02:02","61.5","2008/7/29 00:00","78","135.1","241.5","677.54","...","...","...","5.7"
"113","2008","8","1006.5","1007.6","1011.7","2008/8/18 21:21","1000.3","2008/8/15 15:54","28.4","33.5","2008/8/21 13:18","23.7","2008/8/11 06:57","24.3","1.7","310","13.9","210","2008/8/22 14:27","322.2","39.9","14","13.5","2008/8/5 01:21","66","2008/8/5 00:57","105","2008/8/5 00:00","79","139.6","257.3","689.47","...","...","...","5.4"
"114","2008","9","1005","1006.1","1012.7","2008/9/6 21:01","977.4","2008/9/28 16:59","28.2","37.8","2008/9/13 16:33","24.2","2008/9/28 04:59","23.9","2.3","40","24.5","220","2008/9/14 04:56","308","73.7","16","10.5","2008/9/22 18:16","30","2008/9/22 17:57","73.5","2008/9/22 00:00","78","116.1","156.1","484.83","...","...","...","7.2"
"115","2008","10","1013.4","1014.5","1018.9","2008/10/24 20:38","1007.8","2008/10/5 15:03","26.5","31.3","2008/10/25 11:24","22.6","2008/10/8 03:09","22.2","1.8","50","14.7","30","2008/10/15 11:35","131.8","26.2","11","15","2008/10/5 20:47","31","2008/10/5 20:40","31","2008/10/5 00:00","78","126.2","178.3","499.37","...","...","...","6.4"
"116","2008","11","1016","1017.1","1023.9","2008/11/20 09:15","1009.6","2008/11/8 13:31","23.4","31.2","2008/11/6 11:39","15.4","2008/11/30 06:19","18","1.9","350","15","30","2008/11/18 13:04","99.9","45","10","9.5","2008/11/3 17:47","32","2008/11/3 17:20","48.6","2008/11/9 00:00","72","95.1","131.1","366.45","...","...","...","6.9"
"117","2008","12","1018.1","1019.3","1026","2008/12/6 09:15","1012.8","2008/12/12 14:53","20.7","29.3","2008/12/28 11:37","13.4","2008/12/7 06:12","13.3","2","340","17.6","40","2008/12/22 11:25","27.2","12.6","9","3.5","2008/12/27 08:08","12.5","2008/12/27 08:10","17","2008/12/27 00:00","64","102.7","147.3","358.42","...","...","...","6.7"
"118","year","ObsTime","StnPres","SeaPres","StnPresMax","StnPresMaxTime","StnPresMin","StnPresMinTime","Temperature","T Max","T Max Time","T Min","T Min Time","Td dew point","WS","WD","WSGust","WDGust","WGustTime","Precp","PrecpHour","PrecpDay","PrecpMax10","PrecpMax10Time","PrecpMax60","PrecpMax60Time","Precp1DayMax","Precp1DayMaxTime","RH","EvapA","SunShine","GloblRad","UVI Max Mean","UVI Max","UVI Max Time","Cloud Amount"
"119","2009","1","1019.4","1020.6","1028.7","2009/1/14 08:58","1008","2009/1/22 14:34","18.9","27.9","2009/1/6 10:37","11.4","2009/1/11 04:10","11.9","2","340","19","30","2009/1/23 13:58","13.2","5.9","4","4.2","2009/1/5 19:45","7.8","2009/1/5 19:17","10.6","2009/1/5 00:00","65","112.5","133.9","369.95","...","...","...","7"
"120","2009","2","1014.7","1015.8","1022.4","2009/2/1 09:01","1001.5","2009/2/13 15:05","22.5","30.2","2009/2/24 13:53","16.6","2009/2/21 05:41","17.6","1.8","50","17.1","30","2009/2/20 10:16","65.8","52.8","12","3.5","2009/2/4 22:39","6.5","2009/2/26 00:25","23.1","2009/2/19 00:00","74","94.5","112.7","386.32","...","...","...","7.5"
"121","2009","3","1014","1015.2","1022.3","2009/3/14 21:36","1004","2009/3/22 14:14","22.2","30.9","2009/3/22 11:10","15","2009/3/15 03:16","17","2","330","17.1","40","2009/3/13 23:13","47.3","34.9","9","2.2","2009/3/7 11:15","5.7","2009/3/7 00:01","25.4","2009/3/7 00:00","73","103.4","94.1","405.91","...","...","...","8.2"
"122","2009","4","1012.4","1013.5","1022.7","2009/4/2 08:58","998","2009/4/20 15:29","22.7","34.4","2009/4/13 15:35","17.2","2009/4/3 06:04","17.3","1.9","40","17.4","60","2009/4/25 13:28","60.2","45.4","12","9","2009/4/21 06:33","25","2009/4/21 06:07","38","2009/4/21 00:00","72","103.1","71.2","372.79","...","...","...","8.4"
"123","2009","5","1010.5","1011.6","1017.7","2009/5/1 10:23","1005.2","2009/5/27 02:11","25.7","31.8","2009/5/22 12:28","19.3","2009/5/8 05:36","19.6","1.8","310","13","40","2009/5/27 02:58","78.4","17.7","6","25.5","2009/5/17 18:36","68.5","2009/5/17 18:03","69.5","2009/5/17 00:00","70","154.4","205.9","639.46","...","...","...","5.9"
"124","2009","6","1004.9","1006","1010.8","2009/6/8 21:44","995.4","2009/6/4 14:19","28.1","34.1","2009/6/23 14:41","22.7","2009/6/2 04:31","23.6","1.9","310","17.7","180","2009/6/21 10:27","99.8","27.8","12","10","2009/6/21 07:55","15.4","2009/6/21 07:50","29.9","2009/6/21 00:00","77","146.3","234.3","682.38","...","...","...","5.8"
"125","2009","7","1005.5","1006.6","1012.7","2009/7/20 22:16","998.1","2009/7/13 13:47","28.9","34","2009/7/31 12:59","24.7","2009/7/13 12:39","24.9","1.7","200","16.4","30","2009/7/17 19:44","412.1","57.2","12","15.5","2009/7/14 12:47","40.5","2009/7/14 12:12","163","2009/7/13 00:00","79","147","245.7","697.6","...","...","...","5.9"
"126","2009","8","1002.6","1003.7","1012.1","2009/8/17 08:17","962.5","2009/8/8 00:17","29.1","34.3","2009/8/2 13:18","24.8","2009/8/9 21:47","24.7","2.1","320","26.3","210","2009/8/8 11:13","184","60.2","8","14.5","2009/8/3 10:52","34","2009/8/3 10:38","68","2009/8/8 00:00","78","158.6","247.9","682.81","...","...","...","5.1"
"127","2009","9","1007.3","1008.4","1011.9","2009/9/16 21:29","1000.3","2009/9/4 15:37","28.5","34.1","2009/9/1 13:09","23.5","2009/9/27 02:08","23.7","2","50","14.9","70","2009/9/26 14:20","210.7","66.1","15","5","2009/9/26 23:01","15","2009/9/27 01:03","58.5","2009/9/27 00:00","76","139","184","554.79","...","...","...","6.2"
"128","2009","10","1009.9","1011","1018","2009/10/28 08:13","1001.8","2009/10/24 13:53","26.1","32.1","2009/10/2 11:18","21","2009/10/28 04:17","21","2.1","50","17.5","40","2009/10/21 14:37","155.2","58.1","10","9.5","2009/10/5 02:06","22.5","2009/10/5 01:19","67","2009/10/5 00:00","74","125.1","167.4","478.49","...","...","...","6.6"
"129","2009","11","1015.4","1016.5","1026","2009/11/3 08:40","1002.5","2009/11/10 14:19","23.6","30.5","2009/11/1 12:18","18.6","2009/11/3 03:13","18.6","2.2","50","19.8","90","2009/11/3 13:52","44","10.9","4","6","2009/11/7 19:40","20.5","2009/11/7 19:32","40.5","2009/11/7 00:00","74","119.5","150.7","411.78","...","...","...","6.7"
"130","2009","12","1017.7","1018.9","1026.6","2009/12/19 09:03","1010.2","2009/12/25 14:26","19.7","27.2","2009/12/12 13:51","13.3","2009/12/20 05:07","14.4","1.7","340","14.2","20","2009/12/16 07:28","10.2","18","8","0.5","2009/12/25 03:05","2","2009/12/25 04:30","7.3","2009/12/25 00:00","72","90.1","109.8","294.87","...","...","...","7.2"
"131","year","ObsTime","StnPres","SeaPres","StnPresMax","StnPresMaxTime","StnPresMin","StnPresMinTime","Temperature","T Max","T Max Time","T Min","T Min Time","Td dew point","WS","WD","WSGust","WDGust","WGustTime","Precp","PrecpHour","PrecpDay","PrecpMax10","PrecpMax10Time","PrecpMax60","PrecpMax60Time","Precp1DayMax","Precp1DayMaxTime","RH","EvapA","SunShine","GloblRad","UVI Max Mean","UVI Max","UVI Max Time","Cloud Amount"
"132","2010","1","1019.1","1020.3","1029.2","2010/1/14 09:29","1011.3","2010/1/2 14:55","19.9","27.3","2010/1/31 13:09","12.8","2010/1/15 05:58","14.6","1.8","340","16.5","40","2010/1/25 19:56","25.2","27.8","13","2.8","2010/1/21 22:30","4.9","2010/1/21 22:20","4.9","2010/1/21 00:00","72","81.3","106","342.13","...","...","...","7.6"
"133","2010","2","1014.9","1016","1022.4","2010/2/13 09:45","1005.2","2010/2/26 14:00","21.9","32.6","2010/2/11 15:45","14","2010/2/19 07:13","17.3","1.8","320","14.7","200","2010/2/11 13:52","12.6","29.3","9","0.5","2010/2/19 13:42","1.6","2010/2/17 23:10","4.3","2010/2/19 00:00","76","74.5","125.7","356.65","...","...","...","6.6"
"134","2010","3","1015.9","1017","1026.5","2010/3/10 20:48","1006.9","2010/3/24 15:36","22.4","29.9","2010/3/6 13:57","11.9","2010/3/11 00:56","17.2","1.9","330","17.9","50","2010/3/28 14:02","51.7","16","7","8","2010/3/15 21:58","21","2010/3/15 21:54","28","2010/3/15 00:00","73","99.1","113.1","416.69","6","9","2010/3/23 12:00","7.7"
"135","2010","4","1013.6","1014.8","1021","2010/4/17 09:04","1003.5","2010/4/12 13:40","23.5","33.8","2010/4/12 13:49","17.7","2010/4/16 00:01","19.1","1.9","50","15.9","40","2010/4/13 10:20","45.3","48.4","12","2.5","2010/4/19 04:46","9","2010/4/19 04:14","19.9","2010/4/19 00:00","76","92.8","101.2","421.89","...","...","...","8"
"136","2010","5","1007.8","1008.9","1016.6","2010/5/1 08:58","997.4","2010/5/23 13:26","26.5","34.5","2010/5/22 15:54","20.5","2010/5/1 04:59","22.6","1.6","50","15.4","200","2010/5/23 13:23","121.1","70.2","14","8.5","2010/5/16 19:32","12.7","2010/5/16 18:47","39","2010/5/30 00:00","79","120.1","146.2","534.56","...","...","...","7.7"
"137","2010","6","1006.8","1007.9","1011.7","2010/6/2 21:01","1000.4","2010/6/25 04:36","27.7","35.2","2010/6/17 15:46","22.2","2010/6/3 18:53","23.8","1.5","50","12.6","190","2010/6/18 12:50","52.9","55.3","11","2","2010/6/5 13:08","7","2010/6/5 12:40","13.9","2010/6/5 00:00","80","105.7","178.4","565.68","8","11","2010/6/27 13:00","7.6"
"138","2010","7","1007.4","1008.5","1012.3","2010/7/17 21:19","1001.4","2010/7/5 16:05","29.3","34.4","2010/7/7 11:56","24","2010/7/25 04:17","24.6","1.5","310","16.2","210","2010/7/28 02:01","184.1","55.5","15","8.8","2010/7/12 00:51","19","2010/7/25 03:07","52","2010/7/25 00:00","77","135","255.6","713.08","...","...","...","6.1"
"139","2010","8","1007","1008.1","1014.5","2010/8/19 09:12","996.9","2010/8/31 14:17","29.4","34.3","2010/8/11 14:21","25","2010/8/23 05:42","24.4","1.7","320","17.1","200","2010/8/31 10:44","137.1","25.2","10","18.8","2010/8/18 18:42","31.5","2010/8/17 18:13","46.5","2010/8/23 00:00","75","137.1","243.7","680.79","...","...","...","5.8"
"140","2010","9","1008.3","1009.4","1014.6","2010/9/21 20:10","976.2","2010/9/19 08:34","27.6","33.8","2010/9/19 08:48","22.6","2010/9/20 07:31","23.5","1.7","320","25.8","200","2010/9/19 10:21","779.9","107.9","15","18","2010/9/9 16:16","38","2010/9/9 00:11","227","2010/9/9 00:00","79","117.3","176.4","493.17","...","...","...","6.4"
"141","2010","10","1010.6","1011.7","1019.7","2010/10/30 21:46","999.9","2010/10/22 13:51","25.9","32.5","2010/10/2 12:52","18.5","2010/10/28 04:53","21.3","1.9","50","19.3","30","2010/10/26 19:00","503.8","84.8","17","23.5","2010/10/22 14:02","60","2010/10/16 21:44","129","2010/10/16 00:00","76","100.2","142.8","436.25","...","...","...","7.3"
"142","2010","11","1015.2","1016.3","1020.7","2010/11/9 20:39","1007.2","2010/11/22 04:05","22.9","29","2010/11/7 10:01","17.4","2010/11/27 05:05","17","2","340","15.4","40","2010/11/25 18:38","47.7","37.2","9","2","2010/11/13 13:53","6.5","2010/11/13 13:09","39","2010/11/13 00:00","70","89.1","123.6","360.04","5","6","2010/11/7 12:00","7.1"
"143","2010","12","1014.4","1015.5","1020.4","2010/12/18 08:34","1007.4","2010/12/13 14:59","20.1","27.9","2010/12/14 09:39","12.6","2010/12/28 06:48","13.5","1.9","340","18.1","60","2010/12/16 07:14","12.6","15.6","6","1.7","2010/12/3 01:20","7","2010/12/3 01:15","7.9","2010/12/3 00:00","66","87.1","113.9","312.56","...","...","...","7.6"
"144","year","ObsTime","StnPres","SeaPres","StnPresMax","StnPresMaxTime","StnPresMin","StnPresMinTime","Temperature","T Max","T Max Time","T Min","T Min Time","Td dew point","WS","WD","WSGust","WDGust","WGustTime","Precp","PrecpHour","PrecpDay","PrecpMax10","PrecpMax10Time","PrecpMax60","PrecpMax60Time","Precp1DayMax","Precp1DayMaxTime","RH","EvapA","SunShine","GloblRad","UVI Max Mean","UVI Max","UVI Max Time","Cloud Amount"
"145","2011","1","1018.6","1019.8","1025.7","2011/1/31 09:17","1011","2011/1/14 14:21","17.7","24.7","2011/1/27 12:46","12.2","2011/1/17 05:32","11.6","2","340","17.7","30","2011/1/15 16:24","14.9","41.2","6","1","2011/1/11 22:27","2.5","2011/1/11 21:50","7.2","2011/1/11 00:00","68","81.6","51.9","256.47","...","...","...","8.8"
"146","2011","2","1015","1016.1","1022.8","2011/2/15 09:10","1005.1","2011/2/8 15:29","20.3","27.8","2011/2/28 12:32","13.2","2011/2/1 02:29","14.3","1.6","320","13.3","30","2011/2/5 14:22","16.6","21.7","6","3.5","2011/2/25 20:05","6","2011/2/25 19:16","11.7","2011/2/25 00:00","69","86.2","124.1","362.1","...","...","...","7.2"
"147","2011","3","1017.8","1019","1024.9","2011/3/17 10:17","1008.7","2011/3/7 04:46","19.2","27.5","2011/3/1 12:34","13.8","2011/3/17 03:47","13.3","1.9","340","18.1","30","2011/3/7 08:03","11.1","35.9","11","1","2011/3/20 16:53","2","2011/3/20 16:38","4.7","2011/3/20 00:00","69","72.2","15.5","225.08","...","...","...","9.4"
"148","2011","4","1013.2","1014.3","1020.6","2011/4/9 09:50","1002.5","2011/4/27 03:49","22.7","31.4","2011/4/16 14:40","15.8","2011/4/6 05:59","17","1.7","50","14.4","30","2011/4/23 06:54","61.6","46.9","13","5.5","2011/4/29 17:09","11.5","2011/4/29 16:33","18","2011/4/18 00:00","71","89.4","117.7","450.36","...","...","...","7.9"
"149","2011","5","1008.1","1009.2","1014","2011/5/14 22:05","994","2011/5/28 04:49","25.7","32.2","2011/5/8 13:40","20.4","2011/5/17 16:04","22.5","1.5","50","12.7","360","2011/5/28 01:32","236.8","98.2","22","9","2011/5/9 21:17","31","2011/5/9 20:41","53","2011/5/9 00:00","83","82.9","86.9","438.55","...","...","...","8.3"
"150","2011","6","1005.7","1006.8","1011.3","2011/6/30 21:53","988.4","2011/6/25 02:27","28.2","33.4","2011/6/26 13:28","23.2","2011/6/1 10:31","24.3","1.6","200","16.6","180","2011/6/12 13:01","469.7","80.1","13","20","2011/6/21 15:48","46.7","2011/6/21 15:20","245.3","2011/6/21 00:00","80","119","226","628.47","...","...","...","6.4"
"151","2011","7","1004.6","1005.7","1010.7","2011/7/1 00:01","994.8","2011/7/19 04:54","28.7","33.5","2011/7/26 12:42","24.3","2011/7/14 08:34","24.4","1.4","310","12.6","200","2011/7/15 17:49","198.3","47","14","12.5","2011/7/28 01:49","25","2011/7/13 19:22","90.5","2011/7/14 00:00","78","136.1","233.5","678.33","...","...","...","5.8"
"152","2011","8","1004.9","1006","1012.9","2011/8/14 21:48","991.5","2011/8/29 03:32","29","33.9","2011/8/26 12:33","24.5","2011/8/31 02:49","24.1","1.8","200","17","30","2011/8/28 19:23","377","76.3","9","16","2011/8/28 04:26","44","2011/8/28 03:36","236.5","2011/8/28 00:00","76","133","248.1","668.3","10","12","2011/8/21 13:00","5.9"
"153","2011","9","1007.6","1008.7","1012.9","2011/9/10 10:20","999.8","2011/9/1 03:26","27.4","32.4","2011/9/12 11:27","22.9","2011/9/22 05:53","22.7","1.6","310","14.4","40","2011/9/12 13:43","110.5","36.8","11","8","2011/9/28 11:42","24","2011/9/28 10:54","79.5","2011/9/28 00:00","76","109.5","150.9","485.92","...","...","...","6.7"
"154","2011","10","1012.5","1013.6","1017.1","2011/10/26 09:01","1006.4","2011/10/3 14:57","25.5","30.9","2011/10/13 11:20","21.4","2011/10/26 06:16","20.9","1.8","50","17.3","50","2011/10/2 04:20","404.6","86","15","8.5","2011/10/3 02:15","35","2011/10/2 15:01","182.5","2011/10/2 00:00","76","94.3","122.2","395.51","...","...","...","7.3"
"155","2011","11","1014.4","1015.5","1024.9","2011/11/21 08:31","1005.4","2011/11/19 14:37","23.8","31.4","2011/11/18 12:40","19","2011/11/27 01:15","19.6","1.7","350","15.5","190","2011/11/19 11:17","559","139.2","16","14","2011/11/17 07:17","42.5","2011/11/17 06:33","227.5","2011/11/17 00:00","78","72.2","98.5","283.68","5","7","2011/11/4 12:00","7.8"
"156","2011","12","1018.1","1019.3","1025.7","2011/12/26 09:08","1009.4","2011/12/2 14:50","19.9","28.4","2011/12/7 13:31","14.2","2011/12/24 21:07","15.1","1.8","340","16.3","60","2011/12/8 16:56","50.5","74.4","14","2.2","2011/12/7 08:01","7.2","2011/12/7 07:52","11.7","2011/12/7 00:00","74","61.1","44.7","229.52","...","...","...","8.9"
"157","year","ObsTime","StnPres","SeaPres","StnPresMax","StnPresMaxTime","StnPresMin","StnPresMinTime","Temperature","T Max","T Max Time","T Min","T Min Time","Td dew point","WS","WD","WSGust","WDGust","WGustTime","Precp","PrecpHour","PrecpDay","PrecpMax10","PrecpMax10Time","PrecpMax60","PrecpMax60Time","Precp1DayMax","Precp1DayMaxTime","RH","EvapA","SunShine","GloblRad","UVI Max Mean","UVI Max","UVI Max Time","Cloud Amount"
"158","2012","1","1016.8","1018","1024.7","2012/1/11 21:03","1004.5","2012/1/16 03:49","19.4","26.9","2012/1/15 12:54","13.4","2012/1/26 05:18","14.8","1.7","340","15.1","60","2012/1/16 06:44","22.3","41.7","9","2","2012/1/19 18:55","4","2012/1/16 20:09","8.8","2012/1/16 00:00","75","67.9","87.2","295.23","...","...","...","8.1"
"159","2012","2","1015.5","1016.6","1022.3","2012/2/19 09:07","1005.5","2012/2/7 02:36","20.3","28.3","2012/2/6 13:00","13.6","2012/2/9 05:25","15.4","1.7","330","16.3","200","2012/2/6 14:23","82.7","75.3","13","2","2012/2/15 16:04","7","2012/2/15 15:44","20.8","2012/2/21 00:00","74","77.1","64.8","297.98","...","...","...","8.5"
"160","2012","3","1015","1016.1","1024.5","2012/3/27 21:45","1005.4","2012/3/5 15:37","22.5","30.1","2012/3/7 12:59","14.9","2012/3/12 05:46","17.3","1.9","330","16.7","30","2012/3/31 12:12","37.9","37.3","14","4","2012/3/18 21:28","10.9","2012/3/18 21:21","11","2012/3/18 00:00","73","97.6","103.2","437.78","...","...","...","7.9"
"161","2012","4","1011.3","1012.4","1021.8","2012/4/1 08:37","1001.9","2012/4/25 14:02","24.3","36.6","2012/4/13 14:33","17.1","2012/4/2 03:10","19.8","1.7","330","17.7","50","2012/4/3 15:36","62.1","59.9","16","8.7","2012/4/27 21:26","13.9","2012/4/27 20:55","17.2","2012/4/26 00:00","77","86.7","92.8","428.71","...","...","...","8.1"
"162","2012","5","1007.1","1008.2","1012.8","2012/5/18 21:37","1002","2012/5/1 15:10","26.4","38.1","2012/5/1 15:32","21.2","2012/5/18 19:44","22","1.6","320","13.3","40","2012/5/17 16:47","140","89.2","16","6.4","2012/5/30 20:30","23","2012/5/30 19:51","34.5","2012/5/30 00:00","78","97.2","121.2","499.51","...","...","...","8"
"163","2012","6","1003.1","1004.2","1011.6","2012/6/30 23:00","994.9","2012/6/12 00:42","27.2","34.7","2012/6/9 12:32","22.8","2012/6/14 03:16","24.1","1.6","310","16.9","210","2012/6/19 12:27","550.3","175.2","21","13","2012/6/29 01:26","40.5","2012/6/14 08:22","121.5","2012/6/14 00:00","83","105.6","141.9","508.65","...","...","...","7.4"
"164","2012","7","1005","1006.1","1012.2","2012/7/1 22:01","988.2","2012/7/31 23:40","28.6","34.4","2012/7/16 12:05","24.4","2012/7/23 03:58","24.1","1.6","70","17.5","30","2012/7/31 11:10","318.5","66.4","10","20","2012/7/23 02:28","41","2012/7/22 01:59","128","2012/7/22 00:00","77","147.2","241","715.95","...","...","...","5.3"
"165","2012","8","1001.4","1002.5","1010.7","2012/8/31 22:48","972.2","2012/8/2 04:09","28.5","36.8","2012/8/2 04:56","24","2012/8/25 02:03","24.2","1.8","310","33.9","10","2012/8/24 01:55","542.1","89.5","14","22.5","2012/8/24 20:14","46.5","2012/8/24 19:24","221.5","2012/8/24 00:00","78","127.8","170.8","585.66","...","...","...","7.1"
"166","2012","9","1009.2","1010.3","1015.3","2012/9/30 21:00","997.9","2012/9/28 04:08","27.4","32.4","2012/9/13 13:05","22.1","2012/9/30 05:03","22.8","1.7","50","20","60","2012/9/27 11:20","129.8","46.4","12","10","2012/9/23 17:35","27.5","2012/9/6 04:56","50.7","2012/9/23 00:00","76","128.8","198.3","558.36","8","11","2012/9/5 12:00","6"
"167","2012","10","1013.3","1014.4","1020.3","2012/10/21 08:53","1007.1","2012/10/11 16:13","25.2","30.8","2012/10/21 13:08","20.2","2012/10/20 05:49","18.9","2.1","60","17.6","100","2012/10/11 13:18","34.1","22.4","8","2.2","2012/10/23 19:10","8","2012/10/23 19:03","17.1","2012/10/23 00:00","69","127.4","156.1","451.15","...","...","...","7"
"168","2012","11","1015.3","1016.4","1021.6","2012/11/16 08:52","1007.2","2012/11/23 03:41","23","30.1","2012/11/26 12:13","18.2","2012/11/27 03:55","18.5","1.7","350","19.7","50","2012/11/26 14:14","108.5","69.5","15","9.5","2012/11/3 17:57","25.1","2012/11/3 17:57","60.9","2012/11/17 00:00","76","76","68.5","264.76","...","...","...","8.6"
"169","2012","12","1017.2","1018.4","1025","2012/12/24 08:32","1008.9","2012/12/2 14:10","20.3","28.1","2012/12/2 11:26","11.9","2012/12/31 03:40","15.7","1.8","340","19.1","40","2012/12/30 05:51","89.9","77.8","13","3.7","2012/12/30 04:39","15.2","2012/12/30 04:39","28.2","2012/12/30 00:00","76","69.1","58","212.41","...","...","...","8.4"
"170","year","ObsTime","StnPres","SeaPres","StnPresMax","StnPresMaxTime","StnPresMin","StnPresMinTime","Temperature","T Max","T Max Time","T Min","T Min Time","Td dew point","WS","WD","WSGust","WDGust","WGustTime","Precp","PrecpHour","PrecpDay","PrecpMax10","PrecpMax10Time","PrecpMax60","PrecpMax60Time","Precp1DayMax","Precp1DayMaxTime","RH","EvapA","SunShine","GloblRad","UVI Max Mean","UVI Max","UVI Max Time","Cloud Amount"
"171","2013","1","1018.5","1019.6","1028.6","2013/1/18 09:12","1004.3","2013/1/13 14:25","19.9","27.3","2013/1/22 14:01","13.7","2013/1/1 00:01","14.4","2","340","15","40","2013/1/17 14:05","80.3","44.8","8","8","2013/1/20 08:44","23","2013/1/20 08:18","44","2013/1/20 00:00","71","83.6","73.3","259.02","...","...","...","8.1"
"172","2013","2","1017.2","1018.3","1023.9","2013/2/24 09:12","1010","2013/2/27 15:13","22.4","29.5","2013/2/6 11:47","18.1","2013/2/20 04:48","18.1","1.8","340","15.4","40","2013/2/19 18:44","94.7","51.8","17","4","2013/2/2 18:03","14.3","2013/2/2 17:51","50.6","2013/2/2 00:00","78","85.2","76.4","336.75","...","...","...","8.4"
"173","2013","3","1014.4","1015.5","1025.4","2013/3/5 08:09","1002.7","2013/3/18 12:41","23.2","36.3","2013/3/18 12:49","14.6","2013/3/4 05:55","17.4","1.8","340","15.9","30","2013/3/14 01:42","5.5","6.4","4","1","2013/3/31 08:37","4.3","2013/3/31 08:24","4.5","2013/3/31 00:00","70","111.6","122.4","411.26","...","...","...","7.3"
"174","2013","4","1011.7","1012.8","1019.9","2013/4/12 10:07","997.4","2013/4/6 06:04","23.4","31.6","2013/4/14 14:03","16.5","2013/4/7 07:03","18.8","1.8","340","15","30","2013/4/14 17:40","46.5","54.2","16","3.8","2013/4/6 01:52","10","2013/4/6 01:15","14.1","2013/4/26 00:00","76","93.2","67.6","307.65","...","...","...","8.8"
"175","2013","5","1008.5","1009.6","1015.9","2013/5/4 22:09","1000.4","2013/5/15 16:33","26.4","33.4","2013/5/27 14:28","18.7","2013/5/2 00:18","22.8","1.4","340","13.2","20","2013/5/1 08:35","321.9","91.1","18","12","2013/5/6 02:34","43.5","2013/5/6 02:17","191","2013/5/6 00:00","81","95.9","109.1","440.21","...","...","...","8"
"176","2013","6","1005.5","1006.6","1012.5","2013/6/5 22:29","997.6","2013/6/8 16:14","29","34.5","2013/6/27 13:48","24.6","2013/6/22 04:01","24.4","1.5","50","13.7","210","2013/6/24 15:48","417.5","68.3","12","13","2013/6/12 22:49","40","2013/6/14 00:01","102.5","2013/6/21 00:00","77","136.7","208.5","588.17","...","...","...","5.9"
"177","2013","7","1008","1009.1","1013.2","2013/7/8 10:11","979.3","2013/7/13 01:33","29.1","36.8","2013/7/13 01:26","23.7","2013/7/18 06:27","24.2","1.4","190","20.5","180","2013/7/13 01:32","172.4","45.4","10","12.6","2013/7/9 14:25","23.2","2013/7/17 11:10","48","2013/7/18 00:00","75","160.5","275","679.15","...","...","...","5"
"178","2013","8","1005.2","1006.3","1013.9","2013/8/3 21:49","980.2","2013/8/21 16:30","28.7","33.4","2013/8/19 12:09","24.6","2013/8/1 18:10","24.2","1.5","340","17.6","200","2013/8/29 09:22","171.1","86.5","16","6.5","2013/8/13 23:21","12.5","2013/8/13 22:57","35.1","2013/8/13 00:00","77","123.9","209.2","520.87","...","...","...","6.5"
"179","2013","9","1008.1","1009.2","1014.4","2013/9/8 22:25","990.7","2013/9/21 05:33","27.8","33.7","2013/9/18 12:25","23.4","2013/9/17 06:13","22.9","2.1","340","24.5","10","2013/9/21 09:53","292","65.2","14","14","2013/9/21 21:34","34.5","2013/9/21 21:18","185","2013/9/21 00:00","75","133.8","198.4","498.06","...","...","...","6.1"
"180","2013","10","1011.7","1012.8","1020.8","2013/10/16 21:35","994.7","2013/10/6 14:28","25.8","33.3","2013/10/7 12:59","19.3","2013/10/28 05:02","19.4","2.2","50","15.2","40","2013/10/31 15:36","6","12.9","10","1.2","2013/10/19 02:39","1.2","2013/10/19 02:39","1.5","2013/10/1 00:00","68","139","195.5","460.45","...","...","...","6.5"
"181","2013","11","1017","1018.1","1024.7","2013/11/29 09:20","1007.6","2013/11/25 04:01","22.8","30.5","2013/11/1 10:29","13.9","2013/11/30 03:51","17.5","2","340","15.7","50","2013/11/25 13:23","208.9","47.1","10","11.5","2013/11/1 23:08","25.5","2013/11/2 08:24","98.5","2013/11/2 00:00","73","77.9","85.5","262.07","...","...","...","8.2"
"182","2013","12","1017.1","1018.3","1023.8","2013/12/22 09:15","1007.4","2013/12/17 14:08","19.4","27.8","2013/12/9 12:32","11.8","2013/12/28 04:40","13.8","2.1","340","14.9","60","2013/12/26 20:29","51","40.9","11","2","2013/12/17 01:09","7.5","2013/12/17 01:47","20.3","2013/12/17 00:00","71","65","82.7","225.99","...","...","...","8"
"183","year","ObsTime","StnPres","SeaPres","StnPresMax","StnPresMaxTime","StnPresMin","StnPresMinTime","Temperature","T Max","T Max Time","T Min","T Min Time","Td dew point","WS","WD","WSGust","WDGust","WGustTime","Precp","PrecpHour","PrecpDay","PrecpMax10","PrecpMax10Time","PrecpMax60","PrecpMax60Time","Precp1DayMax","Precp1DayMaxTime","RH","EvapA","SunShine","GloblRad","UVI Max Mean","UVI Max","UVI Max Time","Cloud Amount"
"184","2014","1","1019.8","1021","1027.8","2014/1/19 09:37","1009.8","2014/1/3 14:52","19.1","26.1","2014/1/3 10:48","12.2","2014/1/23 05:37","12.3","2.2","340","16.3","30","2014/1/15 11:06","9","12.5","4","1.8","2014/1/12 02:25","2.2","2014/1/12 02:25","5.7","2014/1/12 00:00","65","97.1","145.4","336.94","...","...","...","7"
"185","2014","2","1016.2","1017.4","1026.4","2014/2/21 09:29","1006","2014/2/7 15:39","19.3","26.9","2014/2/6 12:01","12.4","2014/2/11 06:04","14.8","1.7","340","14","30","2014/2/19 00:07","65.9","79.8","18","2","2014/2/23 08:03","4.5","2014/2/28 06:29","23","2014/2/28 00:00","76","54.5","67.7","234.28","...","...","...","8.3"
"186","2014","3","1016.9","1018","1025.6","2014/3/14 22:31","1004.4","2014/3/29 17:20","20.8","33.1","2014/3/29 21:11","14.8","2014/3/15 02:40","16.1","1.7","340","17","50","2014/3/13 13:28","35","35","13","2.3","2014/3/28 07:14","7.8","2014/3/31 04:25","13.1","2014/3/31 00:00","75","74.4","62.5","282.24","...","...","...","9.1"
"187","2014","4","1012.8","1013.9","1021.5","2014/4/6 21:52","1004.2","2014/4/1 04:52","23.9","30.6","2014/4/27 14:05","18","2014/4/4 09:53","19.4","1.5","340","11.8","30","2014/4/4 02:29","34.6","43.9","16","3","2014/4/2 13:37","7","2014/4/26 21:43","7.5","2014/4/26 00:00","76","89.2","93","342.85","...","...","...","8.6"
"188","2014","5","1009.1","1010.2","1017.6","2014/5/3 21:44","1000.6","2014/5/15 03:05","26.8","37.6","2014/5/14 12:05","20","2014/5/6 05:35","22.3","1.5","340","13.4","40","2014/5/5 12:58","101.6","56.5","15","13","2014/5/28 21:35","35","2014/5/28 21:28","40.8","2014/5/28 00:00","77","104.8","139.5","438.43","...","...","...","7.8"
"189","2014","6","1003.6","1004.7","1010","2014/6/30 22:08","996.2","2014/6/10 15:29","28.7","35.4","2014/6/25 15:11","22.6","2014/6/13 08:00","24.7","1.6","340","14.7","190","2014/6/23 13:47","254.5","75.2","12","12.5","2014/6/8 15:20","33.5","2014/6/8 15:24","87.1","2014/6/8 00:00","79","132.2","209.5","537.4","...","...","...","6.5"
"190","2014","7","1004.3","1005.4","1012","2014/7/26 22:38","975.9","2014/7/22 23:47","30.4","36.8","2014/7/9 13:52","24.8","2014/7/22 23:03","25.1","1.9","50","26.6","180","2014/7/23 00:32","221.9","34.8","6","12","2014/7/18 21:54","23","2014/7/23 07:09","108.5","2014/7/22 00:00","74","184.8","291.7","679.17","...","...","...","4.9"
"191","2014","8","1006.2","1007.3","1014.2","2014/8/29 10:04","993.6","2014/8/1 11:34","29.7","35.2","2014/8/1 11:41","24.8","2014/8/21 21:06","24.7","1.3","350","11.1","200","2014/8/13 13:38","145.5","18.9","8","18.5","2014/8/21 20:37","67.5","2014/8/21 20:04","83","2014/8/21 00:00","75","161.8","302.1","671.86","...","...","...","4.7"
"192","2014","9","1007.8","1008.9","1013.4","2014/9/17 08:30","985.9","2014/9/21 14:34","29.2","33.8","2014/9/13 10:56","24","2014/9/21 03:30","24.3","1.7","50","22.5","360","2014/9/21 14:26","261.5","43.8","10","15","2014/9/21 11:10","38.5","2014/9/21 10:21","174.5","2014/9/21 00:00","75","151.8","264.6","573.66","...","...","...","4.9"
"193","2014","10","1013.1","1014.2","1020.1","2014/10/16 21:02","1001.8","2014/10/10 14:44","26.2","31.8","2014/10/10 13:16","19.8","2014/10/16 05:49","19.9","2.2","340","16.6","30","2014/10/6 17:17","16.2","11.3","6","2","2014/10/25 05:57","5","2014/10/13 00:38","7","2014/10/13 00:00","69","142.8","213.7","478.34","...","...","...","5.8"
"194","2014","11","1015.7","1016.8","1021.4","2014/11/15 09:17","1009.5","2014/11/30 15:08","24","30.2","2014/11/2 11:22","19.3","2014/11/13 20:46","18.3","1.9","340","14.4","50","2014/11/2 14:48","29.7","31.6","9","4","2014/11/28 08:01","9.5","2014/11/28 07:14","15.3","2014/11/28 00:00","71","94.9","147.3","323.59","5","7","2014/11/2 12:00","6.8"
"195","2014","12","1020.2","1021.4","1028.5","2014/12/18 09:22","1010.8","2014/12/1 03:01","19","26","2014/12/8 11:59","13.4","2014/12/17 20:02","13","2.2","340","15.8","40","2014/12/4 08:29","18.8","33.3","10","1.5","2014/12/25 21:12","4","2014/12/25 18:26","13","2014/12/25 00:00","69","68.1","44","173.05","...","...","...","9.1"
"196","year","ObsTime","StnPres","SeaPres","StnPresMax","StnPresMaxTime","StnPresMin","StnPresMinTime","Temperature","T Max","T Max Time","T Min","T Min Time","Td dew point","WS","WD","WSGust","WDGust","WGustTime","Precp","PrecpHour","PrecpDay","PrecpMax10","PrecpMax10Time","PrecpMax60","PrecpMax60Time","Precp1DayMax","Precp1DayMaxTime","RH","EvapA","SunShine","GloblRad","UVI Max Mean","UVI Max","UVI Max Time","Cloud Amount"
"197","2015","1","1020.1","1021.3","1027","2015/1/2 08:49","1011.8","2015/1/6 13:44","19","26.8","2015/1/6 13:46","13.8","2015/1/2 04:27","12.8","1.9","340","14.3","40","2015/1/30 16:53","42.1","30.1","9","3","2015/1/13 23:30","6.5","2015/1/27 00:39","15.5","2015/1/27 00:00","68","75.9","74.6","248.53","5","7","2015/1/30 12:00","8.5"
"198","2015","2","1018.3","1019.4","1027","2015/2/1 08:25","1010.5","2015/2/25 15:57","20.1","27.5","2015/2/26 11:28","13","2015/2/10 03:53","14.8","1.8","340","14.9","40","2015/2/8 12:37","27.4","12.6","5","5.5","2015/2/22 00:45","11","2015/2/22 00:32","13","2015/2/22 00:00","72","79.4","88.5","290.45","...","...","...","8.2"
"199","2015","3","1016.9","1018","1026.2","2015/3/25 21:48","1007.8","2015/3/3 15:13","22.2","29","2015/3/31 11:04","16.3","2015/3/2 05:32","17.3","1.7","340","15","40","2015/3/9 16:04","55.7","31","11","8.5","2015/3/27 16:37","18","2015/3/16 04:05","36","2015/3/16 00:00","74","89.7","103.2","346.21","...","...","...","8.2"
"200","2015","4","1012.8","1013.9","1019.7","2015/4/8 21:34","1000.5","2015/4/20 03:34","24.4","34.8","2015/4/20 08:51","17.6","2015/4/14 06:00","19.9","1.8","190","14.2","220","2015/4/17 22:56","120.1","35.8","12","13","2015/4/17 22:47","28","2015/4/17 22:26","53","2015/4/17 00:00","77","120.3","152.4","474.53","...","...","...","7.4"
"201","2015","5","1008","1009.1","1014.3","2015/5/13 08:48","1000.8","2015/5/28 15:29","26.5","33.1","2015/5/30 13:02","21.4","2015/5/21 22:40","23.2","1.4","340","11.8","40","2015/5/12 12:55","178.4","116.3","17","6","2015/5/25 03:36","19","2015/5/25 03:07","78","2015/5/25 00:00","83","109.3","174","490.4","...","...","...","6.8"
"202","2015","6","1006.7","1007.8","1011.2","2015/6/14 22:03","1000.2","2015/6/17 16:16","29.7","36.4","2015/6/27 14:03","25.6","2015/6/1 02:52","24.9","1.5","190","13.9","200","2015/6/25 11:38","3.7","2.9","2","1.5","2015/6/22 03:24","3","2015/6/22 03:05","3.5","2015/6/22 00:00","76","174.8","313.1","713.04","...","...","...","4.3"
"203","2015","7","1003.8","1004.9","1012.7","2015/7/29 22:06","988","2015/7/10 15:57","29","35.2","2015/7/11 11:24","24.1","2015/7/14 00:26","24.9","1.7","200","14.4","190","2015/7/11 17:06","311.4","50.9","11","12","2015/7/15 17:47","33","2015/7/19 04:39","88","2015/7/19 00:00","79","160.3","278.5","657.29","...","...","...","6"
"204","2015","8","1004","1005.1","1012.4","2015/8/1 21:41","958.8","2015/8/8 05:24","28.6","35.3","2015/8/8 05:44","24.2","2015/8/9 00:26","24.8","1.6","340","26.5","170","2015/8/8 12:30","180.7","66.1","16","10","2015/8/25 22:01","35","2015/8/22 04:35","73.6","2015/8/22 00:00","80","131.2","205.4","536.32","...","...","...","6.5"
"205","2015","9","1008.9","1010","1015.9","2015/9/17 21:46","976","2015/9/28 18:46","27.7","36.9","2015/9/28 19:52","23.8","2015/9/12 04:28","23.2","1.6","340","21.4","200","2015/9/29 00:31","33.5","19","7","5","2015/9/7 11:55","15.2","2015/9/7 11:40","16.5","2015/9/7 00:00","77","122.8","173.7","476.09","...","...","...","6.9"
"206","2015","10","1013.4","1014.5","1021.3","2015/10/31 08:56","1003.3","2015/10/20 14:42","26","32.4","2015/10/3 13:13","20.5","2015/10/14 03:55","21.5","1.9","340","17.1","50","2015/10/17 12:06","44.7","36.7","10","2","2015/10/19 00:44","6.5","2015/10/19 00:01","15","2015/10/20 00:00","77","115","164.6","412.93","...","...","...","6.7"
"207","2015","11","1016.7","1017.9","1024.9","2015/11/27 09:15","1011.6","2015/11/25 14:25","24.7","30.5","2015/11/17 11:08","16","2015/11/27 01:40","21.1","1.8","340","16","30","2015/11/26 08:26","191","56.1","12","7.5","2015/11/21 04:44","18.5","2015/11/21 02:13","58.4","2015/11/21 00:00","81","98.7","173.6","363.34","...","...","...","6"
"208","2015","12","1018.9","1020","1027","2015/12/31 21:25","1008.1","2015/12/10 05:42","21.6","28.7","2015/12/22 12:21","13.8","2015/12/17 22:38","17.5","2","340","13.8","10","2015/12/16 20:39","34.1","25.3","8","4.5","2015/12/9 20:50","7.5","2015/12/10 00:52","16.3","2015/12/9 00:00","78","85.6","120.3","280.49","...","...","...","7.2"
"209","year","ObsTime","StnPres","SeaPres","StnPresMax","StnPresMaxTime","StnPresMin","StnPresMinTime","Temperature","T Max","T Max Time","T Min","T Min Time","Td dew point","WS","WD","WSGust","WDGust","WGustTime","Precp","PrecpHour","PrecpDay","PrecpMax10","PrecpMax10Time","PrecpMax60","PrecpMax60Time","Precp1DayMax","Precp1DayMaxTime","RH","EvapA","SunShine","GloblRad","UVI Max Mean","UVI Max","UVI Max Time","Cloud Amount"
"210","2016","1","1018.8","1019.9","1032.2","2016/1/25 09:38","1001.5","2016/1/17 13:15","19.5","30.1","2016/1/17 12:38","9","2016/1/25 04:17","16.2","2.1","330","17.7","20","2016/1/23 10:07","151.5","140.7","16","8","2016/1/29 14:47","15.5","2016/1/3 13:58","55.5","2016/1/3 00:00","82","53.6","61.9","212.3","...","...","...","8.9"
"211","2016","2","1020.3","1021.5","1030.1","2016/2/25 08:21","1007.8","2016/2/13 14:34","19.1","27.9","2016/2/14 11:06","12.8","2016/2/16 08:02","14.4","3","330","18","20","2016/2/1 12:34","21.7","27.8","6","2.5","2016/2/1 09:51","4.1","2016/2/1 09:05","7","2016/2/5 00:00","75","84.5","82.4","274.95","...","...","...","8.3"
"212","2016","3","1016.9","1018","1027.1","2016/3/1 00:01","1005.7","2016/3/13 23:05","20","30","2016/3/13 23:33","13.3","2016/3/11 05:53","16.5","2.6","330","20.2","40","2016/3/14 04:50","62","80","12","4.5","2016/3/13 13:53","5","2016/3/13 13:03","13","2016/3/5 00:00","81","70.4","75.8","270.62","...","...","...","8.7"
"213","2016","4","1011.1","1012.2","1020.2","2016/4/19 08:59","1001.5","2016/4/13 14:03","25.5","32.9","2016/4/27 10:05","20.5","2016/4/29 01:32","21.8","2.1","330","15.9","190","2016/4/13 10:56","135.7","48.3","10","13.5","2016/4/28 13:28","27.7","2016/4/28 13:18","34.5","2016/4/15 00:00","80","111.9","171.8","454.51","...","...","...","6.9"
"214","2016","5","1009.4","1010.5","1015.6","2016/5/14 09:45","1002","2016/5/10 16:15","27.7","35.3","2016/5/10 16:10","21.9","2016/5/17 05:21","23.8","2.1","330","14.6","30","2016/5/16 17:53","43.1","29.5","10","9","2016/5/14 22:03","16","2016/5/14 21:15","22","2016/5/14 00:00","80","131.6","198.5","541.74","...","...","...","6.5"
"215","2016","6","1007.7","1008.8","1014.6","2016/6/29 22:45","1001.2","2016/6/15 15:28","29.2","35.5","2016/6/16 14:18","24","2016/6/11 02:52","25.2","2","320","17","200","2016/6/12 14:09","91.6","43.8","14","5","2016/6/7 15:41","9","2016/6/7 15:01","43.5","2016/6/11 00:00","79","148.9","257.1","596.37","...","...","...","5.6"
"216","2016","7","1006.2","1007.3","1011.8","2016/7/21 20:55","957.4","2016/7/8 04:47","30.1","35.8","2016/7/14 14:45","25.1","2016/7/31 23:17","25.3","2.2","190","57.2","360","2016/7/8 04:37","298.2","36.7","9","10","2016/7/8 04:36","45","2016/7/8 05:29","241","2016/7/8 00:00","76","167.9","298.5","677.22","...","...","...","4.6"
"217","2016","8","1003.4","1004.5","1009.9","2016/8/3 22:05","998.5","2016/8/9 16:07","28.9","35.2","2016/8/10 11:57","22.6","2016/8/30 00:03","24.9","1.2","300","12.4","160","2016/8/1 10:05","215.8","74.1","15","16","2016/8/1 10:07","29.5","2016/8/1 09:59","106.5","2016/8/1 00:00","79","129.8","212.7","511.02","10","13","2016/8/10 13:00","6.7"
"218","2016","9","1005.5","1006.6","1015.3","2016/9/21 21:18","962.7","2016/9/27 14:05","27.9","36.1","2016/9/17 15:11","23.6","2016/9/15 02:38","24.3","1.9","40","28.7","190","2016/9/27 20:28","608","128.5","20","21","2016/9/14 04:40","61","2016/9/18 22:50","224","2016/9/14 00:00","81","95.1","147.9","412.46","9","13","2016/9/11 12:00","7.9"
"219","2016","10","1010.9","1012","1021.3","2016/10/30 09:15","1004.4","2016/10/3 15:23","27.1","32.5","2016/10/4 10:51","22.5","2016/10/31 02:35","24","1.7","40","15.2","30","2016/10/14 11:35","991.2","139.1","22","16","2016/10/7 08:46","62","2016/10/7 08:17","283.5","2016/10/7 00:00","84","103.6","188.4","423.47","...","...","...","6.6"
"220","2016","11","1016.3","1017.4","1024","2016/11/29 10:12","1010.1","2016/11/5 13:00","24","30.7","2016/11/18 13:10","18.9","2016/11/27 22:40","19.3","1.6","330","17.8","30","2016/11/1 11:13","202.9","76.1","13","10","2016/11/20 11:04","22.5","2016/11/20 10:55","80","2016/11/27 00:00","76","90.1","129.5","313.32","...","...","...","7"
"221","2016","12","1018.4","1019.5","1026","2016/12/16 09:15","1010.8","2016/12/13 14:04","21.9","29","2016/12/4 11:10","15.4","2016/12/29 01:20","16.3","1.8","330","17.2","20","2016/12/27 12:20","30.8","21.4","7","5.5","2016/12/21 08:58","13.9","2016/12/21 08:45","16.5","2016/12/21 00:00","71","95.4","117.3","290.72","...","...","...","7.6"
"222","year","ObsTime","StnPres","SeaPres","StnPresMax","StnPresMaxTime","StnPresMin","StnPresMinTime","Temperature","T Max","T Max Time","T Min","T Min Time","Td dew point","WS","WD","WSGust","WDGust","WGustTime","Precp","PrecpHour","PrecpDay","PrecpMax10","PrecpMax10Time","PrecpMax60","PrecpMax60Time","Precp1DayMax","Precp1DayMaxTime","RH","EvapA","SunShine","GloblRad","UVI Max Mean","UVI Max","UVI Max Time","Cloud Amount"
"223","2017","1","1019","1020.2","1028.2","2017/1/23 08:59","1009.8","2017/1/8 14:28","20.8","27.8","2017/1/7 13:11","14.7","2017/1/21 06:36","14.9","1.5","340","14.1","30","2017/1/30 15:16","6.7","18.6","11","0.9","2017/1/1 02:10","1","2017/1/20 09:10","1.1","2017/1/25 00:00","69","85.5","102.2","289.65","...","...","...","8"
"224","2017","2","1019.5","1020.6","1030.4","2017/2/14 09:37","1010.5","2017/2/5 14:32","19.6","27.8","2017/2/22 13:17","11.4","2017/2/11 04:31","14","1.8","340","15.3","50","2017/2/9 05:34","24.4","47.4","11","1.5","2017/2/5 02:05","4.5","2017/2/5 01:49","6.8","2017/2/4 00:00","71","79.8","79","255.2","...","...","...","8.6"
"225","2017","3","1015.8","1016.9","1024.9","2017/3/27 08:36","1007","2017/3/13 14:42","20.9","30.1","2017/3/31 13:42","14.7","2017/3/3 04:27","16.5","1.5","340","18","50","2017/3/31 19:18","42.2","78","15","5","2017/3/19 14:27","12.5","2017/3/19 13:50","16.5","2017/3/19 00:00","76","72.8","65.9","263.71","...","...","...","8.9"
"226","2017","4","1012.7","1013.8","1024.4","2017/4/3 08:36","1002","2017/4/10 15:41","23.6","31.9","2017/4/26 11:00","15.2","2017/4/3 05:19","18.7","1.3","330","14.8","30","2017/4/22 01:07","82.8","66.2","13","3.5","2017/4/19 23:40","6.3","2017/4/19 23:00","21.5","2017/4/22 00:00","75","94.8","138","411.87","...","...","...","7.8"
"227","2017","5","1010","1011.1","1015.7","2017/5/10 21:58","1001","2017/5/24 16:01","26.2","35.3","2017/5/9 14:41","21.6","2017/5/16 21:43","22.2","1.4","50","10.9","190","2017/5/9 11:41","184.5","111","22","19","2017/5/6 00:46","61","2017/5/6 00:21","65","2017/5/6 00:00","79","104.1","146.1","471.88","...","...","...","8"
"228","2017","6","1006.7","1007.8","1012.3","2017/6/9 22:46","997.1","2017/6/2 03:05","29","35.3","2017/6/24 13:54","24","2017/6/4 00:59","24.4","1.3","190","15","210","2017/6/13 14:03","170.4","65.6","12","7.5","2017/6/4 00:38","17","2017/6/4 00:13","92.5","2017/6/3 00:00","77","137.6","234.6","567.25","...","...","...","6.4"
"229","2017","7","1008.2","1009.3","1015.4","2017/7/17 08:59","990","2017/7/29 17:48","29.4","34.6","2017/7/2 13:10","23.7","2017/7/16 17:54","24.1","1.4","300","21.7","170","2017/7/30 21:46","188.7","58.7","12","13","2017/7/30 23:26","22","2017/7/30 22:41","83.5","2017/7/30 00:00","74","239.4","263.3","625.17","...","...","...","5.6"
"230","2017","8","1006.3","1007.4","1013.7","2017/8/27 08:18","996.7","2017/8/22 01:55","29.6","34.8","2017/8/10 10:35","23.8","2017/8/23 09:26","24.4","1.3","60","15.7","210","2017/8/22 16:30","314.5","33.5","9","26.5","2017/8/22 16:27","65.5","2017/8/22 15:56","133","2017/8/22 00:00","74","155.4","280.9","621.05","...","...","...","4.9"
"231","2017","9","1009","1010.1","1016.8","2017/9/30 09:11","1002.9","2017/9/14 14:05","29","33.7","2017/9/23 11:14","23.8","2017/9/29 23:50","24.6","1.2","50","10.7","190","2017/9/7 12:30","162","49.9","8","8","2017/9/1 11:06","19","2017/9/1 10:31","95","2017/9/1 00:00","78","142.2","255.3","551.87","...","...","...","5.5"
"232","2017","10","1011.4","1012.5","1021.3","2017/10/30 08:26","1001.5","2017/10/13 14:49","26.5","33.2","2017/10/1 11:10","19.4","2017/10/31 05:13","21.5","2","40","16.3","40","2017/10/20 13:24","762.9","80.9","13","19","2017/10/14 11:04","65","2017/10/13 20:01","271","2017/10/14 00:00","75","122.2","171.4","408.61","...","...","...","6.3"
"233","2017","11","1015","1016.1","1022.4","2017/11/24 09:11","1006.7","2017/11/18 03:03","24.5","30.5","2017/11/7 13:01","19.2","2017/11/24 23:48","19.8","1.8","40","19.6","50","2017/11/4 12:29","17.2","38.5","11","1.2","2017/11/10 09:49","3","2017/11/10 09:49","3.9","2017/11/2 00:00","76","88.6","114","330.13","...","...","...","7.8"
"234","2017","12","1018.6","1019.8","1027.2","2017/12/20 08:52","1011.8","2017/12/3 15:11","20.4","27.5","2017/12/3 12:28","15.3","2017/12/22 06:16","14.5","2.1","40","17.5","10","2017/12/8 06:40","15.2","35.3","10","1","2017/12/31 01:51","2.8","2017/12/30 21:10","7.2","2017/12/30 00:00","70","90.2","101.5","302.22","5","6","2017/12/7 12:00","8.2"
"235","year","ObsTime","StnPres","SeaPres","StnPresMax","StnPresMaxTime","StnPresMin","StnPresMinTime","Temperature","T Max","T Max Time","T Min","T Min Time","Td dew point","WS","WD","WSGust","WDGust","WGustTime","Precp","PrecpHour","PrecpDay","PrecpMax10","PrecpMax10Time","PrecpMax60","PrecpMax60Time","Precp1DayMax","Precp1DayMaxTime","RH","EvapA","SunShine","GloblRad","UVI Max Mean","UVI Max","UVI Max Time","Cloud Amount"
"236","2018","1","1017.1","1018.3","1027.9","2018/1/13 09:16","1008.9","2018/1/8 13:18","19.1","25.4","2018/1/19 12:25","10.9","2018/1/13 06:39","14.6","1.7","340","15.7","30","2018/1/26 13:32","53.9","91.3","12","1.5","2018/1/28 20:16","3.5","2018/1/28 20:15","14.5","2018/1/6 00:00","76","70.2","78.8","274.32","...","...","...","8.4"
"237","2018","2","1018","1019.1","1027.1","2018/2/13 09:43","1007.3","2018/2/28 15:41","18.9","27.8","2018/2/28 11:05","11.5","2018/2/7 02:48","14.1","1.6","40","14.1","30","2018/2/1 03:20","14.1","41.5","9","1.5","2018/2/25 03:10","6","2018/2/25 03:09","6.5","2018/2/25 00:00","74","68.7","61.1","264.13","6","10","2018/2/20 13:00","9.1"
"238","2018","3","1015.1","1016.3","1023.7","2018/3/11 09:11","1003.1","2018/3/20 15:16","22.1","32.7","2018/3/20 15:59","13.4","2018/3/10 04:12","16.6","1.6","330","19.2","30","2018/3/5 22:10","38.4","46.5","10","3.5","2018/3/15 20:23","8.5","2018/3/15 20:18","15.5","2018/3/15 00:00","72","109.1","147.1","471.2","...","...","...","7.2"
"239","2018","4","1013.5","1014.6","1023.4","2018/4/7 08:57","1003.8","2018/4/24 16:16","23.9","31.3","2018/4/23 13:59","16.5","2018/4/8 05:58","19.1","1.4","320","15.4","20","2018/4/6 23:43","74","29.2","14","19.5","2018/4/23 20:52","37","2018/4/23 20:47","54","2018/4/23 00:00","75","105.4","112.5","437.49","...","...","...","7.8"
"240","2018","5","1010.1","1011.2","1019.4","2018/5/4 21:19","1003.1","2018/5/7 15:49","27.7","33.3","2018/5/7 14:59","21.1","2018/5/9 07:32","23.4","1.4","190","16","50","2018/5/3 10:05","22.8","19.8","5","2.5","2018/5/9 06:03","4.5","2018/5/9 06:45","17","2018/5/9 00:00","78","152.1","214.4","650.03","...","...","...","5.7"
"241","2018","6","1004.9","1006","1012.2","2018/6/26 22:07","993.3","2018/6/15 04:32","28.3","34.3","2018/6/9 10:34","23.7","2018/6/16 16:33","24.5","1.5","50","14.3","200","2018/6/22 13:47","206.2","106.4","12","9","2018/6/18 12:35","27.5","2018/6/15 03:25","69.7","2018/6/15 00:00","81","133.7","189.8","578.72","...","...","...","6.8"
"242","2018","7","1003.7","1004.8","1009.2","2018/7/13 22:51","990.2","2018/7/11 01:54","28.8","34.2","2018/7/4 11:42","23.9","2018/7/13 04:48","24.5","1.4","50","13.6","180","2018/7/11 13:55","111.1","40.6","10","10.5","2018/7/13 04:32","15.5","2018/7/13 03:59","34.5","2018/7/13 00:00","78","140","219.4","647.48","...","...","...","5.9"
"243","2018","8","1002","1003.1","1012.9","2018/8/31 09:58","992.9","2018/8/12 15:01","28.5","34","2018/8/12 12:25","23","2018/8/30 05:27","24.7","1.2","300","12.1","230","2018/8/28 13:48","493.1","116.9","11","9.5","2018/8/29 04:40","34.5","2018/8/29 08:00","153.5","2018/8/28 00:00","81","130","170.7","544.49","...","...","...","6.9"
"244","2018","9","1007.9","1009","1015.9","2018/9/17 22:21","1000.8","2018/9/29 03:23","28.1","33","2018/9/4 12:49","23.3","2018/9/30 18:40","24","1.6","40","18.8","40","2018/9/15 08:39","254.3","43.6","11","12.5","2018/9/15 12:36","31","2018/9/10 15:48","116.5","2018/9/10 00:00","79","138.4","230.2","612.86","...","...","...","5.1"
"245","2018","10","1013.7","1014.8","1020.4","2018/10/20 09:04","1003.8","2018/10/4 16:12","25.1","30.9","2018/10/6 12:22","17.8","2018/10/29 05:23","20","1.8","40","16","20","2018/10/11 12:58","37","18.9","10","3","2018/10/31 06:05","11.5","2018/10/31 17:48","28","2018/10/31 00:00","74","131.6","143.2","455.58","...","...","...","6.8"
"246","2018","11","1016.5","1017.6","1023.3","2018/11/30 08:56","1010.8","2018/11/12 14:09","24","29.3","2018/11/7 13:53","19.3","2018/11/29 06:07","19.6","1.6","340","13.9","20","2018/11/22 09:16","30.7","39.8","10","5.2","2018/11/2 05:38","7","2018/11/2 05:38","14.8","2018/11/2 00:00","77","90.8","137.7","369.89","...","...","...","7"
"247","2018","12","1018.3","1019.5","1027.1","2018/12/30 08:12","1008.4","2018/12/26 13:33","22","29.6","2018/12/4 10:15","14.9","2018/12/19 05:33","17.1","1.9","40","16.8","60","2018/12/29 13:01","54.8","36.4","8","3","2018/12/23 06:51","11.5","2018/12/23 07:57","41.1","2018/12/23 00:00","74","92.1","122.6","336.45","...","...","...","7"
"248","year","ObsTime","StnPres","SeaPres","StnPresMax","StnPresMaxTime","StnPresMin","StnPresMinTime","Temperature","T Max","T Max Time","T Min","T Min Time","Td dew point","WS","WD","WSGust","WDGust","WGustTime","Precp","PrecpHour","PrecpDay","PrecpMax10","PrecpMax10Time","PrecpMax60","PrecpMax60Time","Precp1DayMax","Precp1DayMaxTime","RH","EvapA","SunShine","GloblRad","UVI Max Mean","UVI Max","UVI Max Time","Cloud Amount"
"249","2019","1","1019.7","1020.9","1026.2","2019/1/2 09:21","1014.5","2019/1/11 14:37","21.1","28.3","2019/1/12 11:11","15.2","2019/1/23 05:41","16.4","1.5","340","13.8","30","2019/1/8 15:52","35.5","42.6","9","4","2019/1/29 20:31","7","2019/1/29 20:11","12","2019/1/15 00:00","75","80.9","87.5","317","...","...","...","8"
"250","2019","2","1017.2","1018.3","1024.8","2019/2/11 21:03","1011","2019/2/7 15:21","22.8","29.2","2019/2/19 13:57","17.5","2019/2/2 01:11","18.5","1.6","40","13.3","50","2019/2/17 10:53","12.9","19.7","8","2","2019/2/13 19:13","5.5","2019/2/13 19:01","7.5","2019/2/13 00:00","77","95.6","132.8","403.81","...","...","...","6.6"
"251","2019","3","1014.5","1015.7","1022.5","2019/3/16 09:17","1003.5","2019/3/3 14:04","22.6","31.8","2019/3/3 13:17","14.9","2019/3/8 06:03","17.8","1.6","50","13.3","30","2019/3/3 17:53","36","55.3","10","1","2019/3/11 04:20","4","2019/3/11 03:59","12.4","2019/3/11 00:00","75","103.4","117.8","404.22","...","...","...","7.5"
"252","2019","4","1011.1","1012.2","1021.7","2019/4/1 21:15","1000.5","2019/4/30 15:35","25.8","34.8","2019/4/30 16:58","19.1","2019/4/2 05:07","21.1","1.5","40","15.1","190","2019/4/30 12:22","28.3","25","12","6","2019/4/16 09:27","9.5","2019/4/16 08:45","11.5","2019/4/16 00:00","76","123.2","157.3","511.77","...","...","...","6.5"
"253","2019","5","1009.1","1010.2","1016","2019/5/3 21:39","1001.3","2019/5/17 15:56","25.6","31.9","2019/5/20 11:15","19.6","2019/5/4 05:17","21.8","1.2","340","13.3","30","2019/5/1 12:59","165.7","117","22","11","2019/5/26 20:28","24.5","2019/5/26 20:24","30.7","2019/5/20 00:00","80","81","89","387.46","...","...","...","8.6"
"254","2019","6","1005.1","1006.2","1011.8","2019/6/6 08:59","996.1","2019/6/14 04:42","28.8","35.9","2019/6/9 12:36","23.9","2019/6/5 20:18","24.7","1.2","190","10.1","180","2019/6/7 11:32","132.9","51.4","11","14.5","2019/6/25 12:37","34","2019/6/5 18:19","62","2019/6/5 00:00","79","119.5","172.6","498.29","...","...","...","6.8"
"255","2019","7","1004.3","1005.4","1010.3","2019/7/29 23:36","993.4","2019/7/18 02:19","29.8","34.2","2019/7/6 09:58","25.1","2019/7/27 21:56","25.2","1.5","50","16.4","30","2019/7/17 17:24","136.9","33.4","10","11","2019/7/2 03:25","24.5","2019/7/2 03:05","38","2019/7/2 00:00","77","161","241.1","636.07","...","...","...","6.2"
"256","2019","8","1002.2","1003.3","1011.7","2019/8/26 21:12","984.2","2019/8/9 04:29","29.1","35.7","2019/8/10 13:33","23.5","2019/8/21 03:41","25","1.9","60","26.3","40","2019/8/24 11:46","216.4","70.9","16","11","2019/8/24 09:41","35.5","2019/8/24 09:09","129","2019/8/24 00:00","79","137.2","192.1","546.89","...","...","...","7"
"257","2019","9","1007.7","1008.8","1018.2","2019/9/24 21:28","994.3","2019/9/30 17:58","27.5","32.5","2019/9/29 13:14","22.5","2019/9/23 03:20","23","1.9","50","19","50","2019/9/30 04:40","202.1","58.7","11","8.5","2019/9/21 19:54","32.5","2019/9/21 19:40","60.5","2019/9/21 00:00","77","121","159.3","445.96","...","...","...","7"
"258","2019","10","1013.7","1014.8","1019.4","2019/10/15 21:27","995.6","2019/10/1 00:01","25.8","31.9","2019/10/2 09:33","21.7","2019/10/21 04:13","20.6","2.1","50","18.7","60","2019/10/15 15:16","25.3","17.4","5","3.5","2019/10/6 09:06","7.4","2019/10/6 08:55","13.8","2019/10/6 00:00","74","142.1","171.2","450.2","...","...","...","6.4"
"259","2019","11","1015.2","1016.3","1022.4","2019/11/29 09:21","1008.1","2019/11/6 14:30","23.7","29.6","2019/11/3 10:48","18.1","2019/11/30 02:01","17.8","2.5","50","21.5","40","2019/11/19 01:05","8.4","17.3","3","0.6","2019/11/4 11:01","1.6","2019/11/4 10:30","5","2019/11/4 00:00","70","125.5","147.4","353.69","...","...","...","6.4"
"260","2019","12","1018.3","1019.5","1026.9","2019/12/31 21:08","1010.4","2019/12/22 14:26","21.1","27.8","2019/12/17 11:04","14.8","2019/12/9 06:51","16","2.1","330","16.9","40","2019/12/2 22:14","92","65.7","8","2.5","2019/12/29 05:45","9.5","2019/12/29 05:20","66","2019/12/29 00:00","73","88.6","113.6","310.08","...","...","...","7.4"
"261","year","ObsTime","StnPres","SeaPres","StnPresMax","StnPresMaxTime","StnPresMin","StnPresMinTime","Temperature","T Max","T Max Time","T Min","T Min Time","Td dew point","WS","WD","WSGust","WDGust","WGustTime","Precp","PrecpHour","PrecpDay","PrecpMax10","PrecpMax10Time","PrecpMax60","PrecpMax60Time","Precp1DayMax","Precp1DayMaxTime","RH","EvapA","SunShine","GloblRad","UVI Max Mean","UVI Max","UVI Max Time","Cloud Amount"
"262","2020","1","1017.8","1018.9","1027.5","2020/1/1 09:24","1005.8","2020/1/26 15:23","20.5","27.2","2020/1/24 13:20","13.4","2020/1/31 06:11","15.7","1.7","330","16.9","60","2020/1/8 14:21","34.6","47.6","9","2.4","2020/1/26 06:13","5.1","2020/1/26 06:13","14.9","2020/1/26 00:00","74","86.4","114.4","329.91","...","...","...","7.4"
"263","2020","2","1020","1021.2","1028.5","2020/2/18 09:13","1011.3","2020/2/16 04:34","20.5","28.4","2020/2/14 12:43","12.9","2020/2/17 22:59","15.9","1.7","340","18","50","2020/2/16 10:47","32.2","34.8","10","2","2020/2/29 07:03","7","2020/2/29 06:48","7.7","2020/2/29 00:00","75","79","86.5","316.19","...","...","...","7.9"
"264","2020","3","1014.3","1015.4","1022.7","2020/3/16 08:50","1001.9","2020/3/9 15:35","22.7","30.9","2020/3/9 18:07","15.9","2020/3/15 03:34","18.5","1.9","50","15.7","50","2020/3/28 18:35","41.2","40","10","4.5","2020/3/27 21:55","8","2020/3/27 21:05","14.5","2020/3/27 00:00","78","100.1","115.2","398.29","...","...","...","7.8"
"265","2020","4","1015","1016.1","1020.1","2020/4/5 09:57","1006.4","2020/4/19 16:14","22.9","31.2","2020/4/19 18:50","16.3","2020/4/12 22:54","17.9","1.9","330","14.8","180","2020/4/19 14:13","48.2","38.2","6","5","2020/4/18 21:30","9.1","2020/4/18 21:30","20.5","2020/4/7 00:00","74","102.6","80.2","373.31","...","...","...","8.4"
"266","2020","5","1007.8","1008.9","1014.8","2020/5/13 22:25","999.9","2020/5/18 12:39","27.1","33.9","2020/5/30 14:14","23.4","2020/5/18 05:07","24","1.5","50","15.2","20","2020/5/12 16:10","291.8","97.2","18","13","2020/5/20 14:16","45","2020/5/20 14:14","72","2020/5/20 00:00","84","104.2","146.8","506.87","...","...","...","7.1"
"267","2020","6","1006.8","1007.9","1013.5","2020/6/14 22:51","1000.4","2020/6/30 16:35","29.6","34.2","2020/6/19 14:13","25.3","2020/6/12 06:56","25","1.7","310","17.5","210","2020/6/30 14:46","78.8","13.2","7","10","2020/6/11 18:22","15.2","2020/6/11 18:06","46.5","2020/6/13 00:00","77","165.6","277.4","708.49","...","...","...","5.3"
"268","2020","7","1006.9","1008","1012.3","2020/7/21 22:13","1000.4","2020/7/9 15:57","30.1","35.3","2020/7/16 13:06","24.7","2020/7/31 05:42","25.4","1.7","200","13.6","200","2020/7/1 14:00","86","18.5","7","17.5","2020/7/15 05:28","34.5","2020/7/15 04:47","34.5","2020/7/15 00:00","76","170.9","293","727.63","...","...","...","5.4"
"269","2020","8","1006.2","1007.3","1014.7","2020/8/12 22:01","998.7","2020/8/25 15:08","29","33.9","2020/8/3 10:07","24.9","2020/8/14 22:43","24.8","1.5","310","16.7","200","2020/8/3 14:02","190.5","45.7","13","13","2020/8/11 09:00","35","2020/8/11 08:14","77","2020/8/11 00:00","79","139.1","226.1","619.63","...","...","...","6.3"
"270","2020","9","1008.4","1009.5","1013.9","2020/9/18 22:25","998.6","2020/9/1 05:53","28.2","34.8","2020/9/2 14:06","23.4","2020/9/30 16:43","23.6","1.5","60","12.7","70","2020/9/21 14:14","103","19.2","7","13","2020/9/6 17:16","53.5","2020/9/6 16:39","67","2020/9/6 00:00","76","135.4","184.7","525.57","...","...","...","6.8"
"271","2020","10","1012.4","1013.5","1018.9","2020/10/30 20:38","1004.4","2020/10/22 03:48","26","31.8","2020/10/3 13:38","20.5","2020/10/23 18:54","20.9","2.5","50","16.4","50","2020/10/20 15:22","94","35.8","7","7.5","2020/10/14 04:13","16","2020/10/14 03:55","38","2020/10/21 00:00","74","120.1","126.9","419.78","...","...","...","7.4"
"272","2020","11","1016.4","1017.5","1022.4","2020/11/30 09:25","1009.5","2020/11/6 15:08","24.2","30.4","2020/11/6 10:29","19.9","2020/11/30 04:32","19.7","2.3","50","19.4","40","2020/11/3 13:33","125","61.2","11","10","2020/11/6 18:43","18.5","2020/11/6 18:46","60.5","2020/11/6 00:00","77","87.5","122.3","345.32","...","...","...","7.6"
"273","2020","12","1017","1018.1","1026.9","2020/12/31 09:02","1009.2","2020/12/29 15:03","21.1","27.2","2020/12/11 11:48","11.6","2020/12/31 06:53","16.6","2.4","50","18","50","2020/12/30 18:16","12","56.4","10","1","2020/12/23 09:30","1.5","2020/12/21 09:50","3.5","2020/12/23 00:00","76","80.5","70.9","269.98","...","...","...","8.6"
"274","year","ObsTime","StnPres","SeaPres","StnPresMax","StnPresMaxTime","StnPresMin","StnPresMinTime","Temperature","T Max","T Max Time","T Min","T Min Time","Td dew point","WS","WD","WSGust","WDGust","WGustTime","Precp","PrecpHour","PrecpDay","PrecpMax10","PrecpMax10Time","PrecpMax60","PrecpMax60Time","Precp1DayMax","Precp1DayMaxTime","RH","EvapA","SunShine","GloblRad","UVI Max Mean","UVI Max","UVI Max Time","Cloud Amount"
"275","2021","1","1018.2","1019.4","1024.5","2021/1/1 08:33","1007.1","2021/1/22 14:21","18.2","25.4","2021/1/23 12:32","11.2","2021/1/14 06:33","12.3","2.2","330","16.6","60","2021/1/17 12:14","7.5","19.2","3","1","2021/1/22 18:33","3","2021/1/22 18:33","5","2021/1/22 00:00","69","89.7","117.7","348.14","...","...","...","7.2"
"276","2021","2","1016","1017.1","1025.9","2021/2/18 09:17","1004.9","2021/2/11 14:57","20.8","26.4","2021/2/26 11:44","13.2","2021/2/19 05:32","15.3","2","320","15.6","70","2021/2/17 14:05","54","35.1","8","3.5","2021/2/11 07:41","14","2021/2/11 07:37","41","2021/2/11 00:00","72","96.6","133.3","410.67","...","...","...","6.9"
"277","2021","3","1014.5","1015.6","1023.5","2021/3/22 23:08","1002.7","2021/3/30 15:09","23","30.3","2021/3/28 11:44","16.7","2021/3/23 02:39","18.3","1.8","320","20.8","30","2021/3/2 12:09","1","10.2","2","0.5","2021/3/13 22:45","0.5","2021/3/13 22:30","0.5","2021/3/13 00:00","75","110.1","123.2","445.33","...","...","...","7.4"
"278","2021","4","1012.6","1013.7","1019.9","2021/4/11 10:25","1003.8","2021/4/23 04:04","24","30.4","2021/4/2 11:48","18.8","2021/4/19 04:33","19.3","1.9","50","15","40","2021/4/17 13:36","29.5","34.7","8","2","2021/4/11 04:24","5.5","2021/4/23 23:04","11","2021/4/23 00:00","76","107.5","99.4","447.09","...","...","...","8.1"
"279","2021","5","1008.9","1010","1015.8","2021/5/3 07:49","1000.7","2021/5/30 14:52","27.9","33.2","2021/5/28 12:26","22.6","2021/5/2 05:51","24.3","1.8","200","13.7","60","2021/5/5 15:19","59.5","35.7","9","7","2021/5/25 00:11","14","2021/5/5 15:40","18","2021/5/3 00:00","81","144.7","225.4","680.49","...","...","...","6.4"
"280","2021","6","1004.9","1006","1008.9","2021/6/2 21:52","1000","2021/6/5 14:20","28.1","33","2021/6/3 14:12","24.4","2021/6/6 07:20","24.8","1.6","200","13.7","190","2021/6/4 12:44","81","21.3","3","4","2021/6/6 06:42","14.5","2021/6/6 06:03","70","2021/6/6 00:00","83","25.9","33.4","98.28","9","14","2021/6/3 12:00","7.3"
"281","2021","7","...","...","...","...","...","...","...","...","...","...","...","...","...","...","...","...","...","...","...","...","...","...","...","...","...","...","...","...","...","...","...","...","...","..."
"282","2021","8","...","...","...","...","...","...","...","...","...","...","...","...","...","...","...","...","...","...","...","...","...","...","...","...","...","...","...","...","...","...","...","...","...","..."
"283","2021","9","...","...","...","...","...","...","...","...","...","...","...","...","...","...","...","...","...","...","...","...","...","...","...","...","...","...","...","...","...","...","...","...","...","..."
"284","2021","10","...","...","...","...","...","...","...","...","...","...","...","...","...","...","...","...","...","...","...","...","...","...","...","...","...","...","...","...","...","...","...","...","...","..."
"285","2021","11","...","...","...","...","...","...","...","...","...","...","...","...","...","...","...","...","...","...","...","...","...","...","...","...","...","...","...","...","...","...","...","...","...","..."
"286","2021","12","...","...","...","...","...","...","...","...","...","...","...","...","...","...","...","...","...","...","...","...","...","...","...","...","...","...","...","...","...","...","...","...","...","..."
